Student_ID,Major_Category,Year_of_Study,Pre_Semester_GPA,Weekly_GenAI_Hours,Primary_Use_Case,Prompt_Engineering_Skill,Tool_Diversity,Paid_Subscription,Traditional_Study_Hours,Perceived_AI_Dependency,Institutional_Policy,Anxiety_Level_During_Exams,Post_Semester_GPA,Skill_Retention_Score,Burnout_Risk_Level
100001,Humanities,Senior,2.418,23.31,Copywriting/Drafting,Beginner,1,True,8.13,5,Allowed_With_Citation,6,2.393,86.44,High
100002,Medical,Junior,3.821,1.12,Ideation,Advanced,5,False,16.65,3,Allowed_With_Citation,9,3.696,69.39,Low
100003,Business,Freshman,3.398,21.26,Summarizing_Reading,Beginner,2,False,10.35,5,Strict_Ban,9,3.499,73.93,Medium
100004,Business,Senior,3.789,1.82,Copywriting/Drafting,Intermediate,4,False,15.23,2,Allowed_With_Citation,2,4,63.58,Medium
100005,STEM,Sophomore,3.635,9.29,Debugging/Troubleshooting,Advanced,4,False,12.55,4,Allowed_With_Citation,4,3.798,100,Medium
100006,STEM,Junior,3.449,6.5,Debugging/Troubleshooting,Beginner,1,False,14.19,4,Allowed_With_Citation,5,3.666,65.92,High
100007,STEM,Freshman,3.622,31.41,Summarizing_Reading,Advanced,5,True,13.11,8,Allowed_With_Citation,7,4,67.97,Medium
100008,Arts,Junior,2.746,5.33,Copywriting/Drafting,Intermediate,3,False,18.45,2,Actively_Encouraged,1,2.965,85.09,Medium
100009,Business,Sophomore,3.42,2,Debugging/Troubleshooting,Beginner,2,True,2.87,1,Strict_Ban,5,3.396,55.71,Medium
100010,Business,Sophomore,3.046,19.99,Debugging/Troubleshooting,Intermediate,2,True,12.49,3,Strict_Ban,8,2.978,87.18,High
100011,STEM,Graduate,3.407,5.16,Summarizing_Reading,Advanced,3,False,11.43,5,Allowed_With_Citation,3,3.617,95.42,High
100012,Medical,Junior,2.627,3.62,Direct_Answer_Generation,Intermediate,3,False,8.05,3,Actively_Encouraged,3,2.699,72.41,Medium
100013,Arts,Senior,3.479,2.86,Copywriting/Drafting,Beginner,2,False,8.95,2,Actively_Encouraged,4,3.612,67.68,High
100014,STEM,Junior,3.225,8.95,Direct_Answer_Generation,Beginner,1,False,25.3,2,Allowed_With_Citation,3,3.935,64.47,Medium
100015,STEM,Freshman,3.202,1.22,Copywriting/Drafting,Beginner,1,False,16.52,2,Allowed_With_Citation,4,3.122,70.7,Low
100016,STEM,Senior,2.076,14.74,Debugging/Troubleshooting,Beginner,1,True,12.59,4,Allowed_With_Citation,4,2.228,70.66,Medium
100017,Humanities,Sophomore,2.931,2.08,Direct_Answer_Generation,Advanced,3,False,15.15,5,Strict_Ban,8,3.214,59.69,Medium
100018,Business,Senior,3.156,8.03,Direct_Answer_Generation,Advanced,4,False,10.7,4,Allowed_With_Citation,5,3.39,90.65,Medium
100019,Humanities,Junior,2.975,0.51,Summarizing_Reading,Beginner,1,False,10.84,1,Allowed_With_Citation,2,3.412,53.95,Medium
100020,STEM,Sophomore,3.305,0.2,Debugging/Troubleshooting,Intermediate,4,False,3.69,1,Allowed_With_Citation,4,3.187,74.23,Medium
100021,Business,Sophomore,2.636,1.63,Copywriting/Drafting,Intermediate,4,False,18.71,4,Strict_Ban,3,2.758,78.28,Low
100022,STEM,Senior,3.529,4.91,Debugging/Troubleshooting,Beginner,1,False,15.78,2,Allowed_With_Citation,6,3.358,67.56,Low
100023,STEM,Junior,3.551,10.48,Copywriting/Drafting,Intermediate,2,True,2.75,2,Allowed_With_Citation,3,3.749,68.81,Medium
100024,Humanities,Senior,3.579,0.45,Ideation,Beginner,1,True,10.61,1,Allowed_With_Citation,8,3.76,55.33,Low
100025,Humanities,Freshman,2.364,28.72,Copywriting/Drafting,Beginner,1,False,8.24,8,Strict_Ban,7,2.588,63.38,Medium
100026,Arts,Senior,3.308,2.38,Ideation,Advanced,4,True,11.33,2,Actively_Encouraged,2,4,81.85,High
100027,STEM,Sophomore,3.338,18.62,Debugging/Troubleshooting,Advanced,5,True,14.29,6,Allowed_With_Citation,2,3.822,82.36,Medium
100028,Business,Junior,3.302,23.96,Ideation,Intermediate,2,True,6.54,5,Allowed_With_Citation,1,3.487,67.74,High
100029,Business,Freshman,3.282,0.68,Ideation,Beginner,1,False,17.89,1,Actively_Encouraged,4,3.088,74.67,Low
100030,STEM,Sophomore,3.638,12.83,Debugging/Troubleshooting,Advanced,4,True,10.25,5,Allowed_With_Citation,4,4,61.29,Medium
100031,Business,Senior,3.731,1.26,Direct_Answer_Generation,Intermediate,4,True,16.16,2,Allowed_With_Citation,6,3.989,88.44,Low
100032,STEM,Sophomore,1.449,0.72,Debugging/Troubleshooting,Intermediate,2,False,11.77,5,Allowed_With_Citation,5,1.342,56.81,Medium
100033,STEM,Graduate,2.856,1.27,Direct_Answer_Generation,Advanced,3,False,16.16,3,Allowed_With_Citation,5,3.276,74.03,Medium
100034,Medical,Senior,3.148,5.56,Summarizing_Reading,Intermediate,5,False,9.89,2,Allowed_With_Citation,1,3.335,89.14,Medium
100035,Medical,Graduate,3.12,19.92,Summarizing_Reading,Beginner,2,True,1,7,Allowed_With_Citation,3,3.207,67.2,High
100036,Arts,Sophomore,3.632,1.17,Direct_Answer_Generation,Intermediate,4,True,3.67,2,Strict_Ban,5,3.553,55.89,High
100037,Humanities,Freshman,3.303,0.29,Copywriting/Drafting,Advanced,3,False,7.46,1,Allowed_With_Citation,5,3.145,75.11,Low
100038,STEM,Junior,3.671,16.77,Debugging/Troubleshooting,Intermediate,3,True,1,5,Allowed_With_Citation,4,3.636,96.68,Low
100039,Business,Sophomore,2.403,1.58,Ideation,Intermediate,4,True,13.34,1,Allowed_With_Citation,5,2.365,74.3,High
100040,Humanities,Junior,3.086,4.19,Debugging/Troubleshooting,Intermediate,3,False,10.81,2,Actively_Encouraged,2,3.452,92.44,Medium
100041,STEM,Senior,2.31,7.17,Debugging/Troubleshooting,Advanced,3,True,8.95,5,Allowed_With_Citation,8,2.686,84.71,Medium
100042,Humanities,Senior,3.539,0.41,Summarizing_Reading,Beginner,3,True,11.3,1,Allowed_With_Citation,5,3.812,72.05,Low
100043,STEM,Freshman,3.777,8.06,Debugging/Troubleshooting,Beginner,3,False,8.42,3,Allowed_With_Citation,4,3.909,68.22,Medium
100044,Medical,Senior,3.048,4.67,Summarizing_Reading,Beginner,3,False,8.21,4,Strict_Ban,4,3.277,79.79,Medium
100045,STEM,Junior,3.013,14.47,Debugging/Troubleshooting,Intermediate,3,False,9.36,4,Allowed_With_Citation,7,3.447,62.75,Low
100046,Business,Junior,3.503,6.34,Ideation,Intermediate,2,False,21.22,2,Strict_Ban,5,3.942,99.25,Low
100047,Humanities,Sophomore,3.842,6.26,Copywriting/Drafting,Intermediate,1,False,11.84,4,Allowed_With_Citation,3,4,76.67,Medium
100048,Business,Junior,3.511,8.04,Direct_Answer_Generation,Beginner,2,True,10.5,2,Actively_Encouraged,3,3.567,86.73,Medium
100049,Business,Senior,2.645,8.78,Ideation,Intermediate,3,False,5.97,1,Strict_Ban,3,2.884,87.51,High
100050,STEM,Senior,3.115,13.39,Summarizing_Reading,Intermediate,2,True,20.87,5,Allowed_With_Citation,4,3.644,83.76,Medium
100051,Medical,Sophomore,3.577,11.13,Summarizing_Reading,Advanced,4,True,15.85,3,Strict_Ban,6,4,61.2,High
100052,Arts,Senior,2.433,11.16,Debugging/Troubleshooting,Beginner,2,True,12.82,6,Actively_Encouraged,5,2.903,69.95,High
100053,Medical,Sophomore,2.958,11.36,Summarizing_Reading,Intermediate,3,True,9.52,5,Allowed_With_Citation,6,3.155,59.46,Low
100054,Medical,Senior,3.732,0.88,Ideation,Intermediate,4,True,12.87,4,Allowed_With_Citation,1,3.885,79.82,Medium
100055,Business,Junior,3.148,0.16,Summarizing_Reading,Beginner,1,False,15.1,2,Allowed_With_Citation,5,3.393,62.77,Medium
100056,Medical,Senior,3.429,20.48,Direct_Answer_Generation,Beginner,2,True,4.24,6,Actively_Encouraged,2,3.521,63.38,High
100057,STEM,Junior,3.837,2.23,Ideation,Advanced,4,True,14.06,4,Strict_Ban,4,3.988,60.88,Medium
100058,STEM,Sophomore,3.249,9.77,Ideation,Advanced,3,True,17.42,4,Allowed_With_Citation,4,3.342,80.19,Medium
100059,STEM,Junior,3.015,2.7,Debugging/Troubleshooting,Beginner,2,False,18.28,3,Allowed_With_Citation,4,3.394,83.39,Medium
100060,Humanities,Sophomore,3.167,14.92,Summarizing_Reading,Beginner,2,False,10.74,2,Strict_Ban,8,3.518,70.28,Medium
100061,Humanities,Sophomore,3.697,6.6,Ideation,Advanced,3,False,10.29,4,Strict_Ban,5,3.914,77.49,Low
100062,STEM,Freshman,3.463,2.47,Debugging/Troubleshooting,Intermediate,3,False,8.94,1,Allowed_With_Citation,1,3.665,60.08,Medium
100063,Arts,Senior,2.164,17.37,Copywriting/Drafting,Beginner,1,False,10.06,6,Strict_Ban,5,2.339,77.44,High
100064,Humanities,Freshman,2.771,7.02,Copywriting/Drafting,Intermediate,4,False,13.18,2,Allowed_With_Citation,3,2.896,57.43,Low
100065,STEM,Graduate,3.569,8.2,Ideation,Intermediate,1,False,17.15,2,Actively_Encouraged,4,3.922,75.58,Low
100066,Business,Freshman,3.074,0.65,Ideation,Intermediate,3,True,14.09,3,Actively_Encouraged,5,3.416,80.16,Medium
100067,STEM,Graduate,3.329,6.73,Debugging/Troubleshooting,Intermediate,4,True,15.32,3,Allowed_With_Citation,2,3.702,80.75,Medium
100068,Arts,Graduate,3.606,1.1,Ideation,Beginner,2,False,17.55,2,Strict_Ban,3,3.758,60.58,Medium
100069,STEM,Sophomore,3.645,16.74,Direct_Answer_Generation,Advanced,3,True,6.48,4,Allowed_With_Citation,2,3.879,78.14,High
100070,Medical,Graduate,2.838,9.62,Copywriting/Drafting,Beginner,1,True,7.64,5,Allowed_With_Citation,5,2.951,65.48,Low
100071,Arts,Graduate,3.047,18.86,Direct_Answer_Generation,Beginner,1,True,13.19,6,Allowed_With_Citation,7,3.295,53.65,High
100072,STEM,Freshman,3.117,13.89,Copywriting/Drafting,Beginner,2,False,9.7,8,Allowed_With_Citation,6,3.326,45.39,Medium
100073,STEM,Graduate,3.251,9.97,Debugging/Troubleshooting,Advanced,3,False,6.39,3,Actively_Encouraged,5,3.687,80.79,Low
100074,Arts,Freshman,2.579,8.72,Ideation,Advanced,3,False,14.07,4,Allowed_With_Citation,3,2.962,63.96,Low
100075,Business,Freshman,2.919,2.08,Direct_Answer_Generation,Beginner,1,False,19.29,5,Allowed_With_Citation,3,3.389,58.03,Low
100076,Business,Junior,2.023,5.4,Copywriting/Drafting,Beginner,2,False,13.8,2,Allowed_With_Citation,5,2.468,72.32,Medium
100077,Arts,Freshman,2.494,7.29,Copywriting/Drafting,Beginner,3,False,6.21,1,Allowed_With_Citation,7,2.393,78.1,Low
100078,STEM,Freshman,3.631,0.9,Debugging/Troubleshooting,Advanced,4,True,11.39,1,Allowed_With_Citation,2,3.969,85.55,Low
100079,Humanities,Graduate,2.659,8.84,Copywriting/Drafting,Intermediate,2,False,16.3,1,Allowed_With_Citation,8,3.21,77.88,High
100080,STEM,Graduate,2.862,5.01,Summarizing_Reading,Beginner,3,True,14.7,2,Allowed_With_Citation,1,3.293,76.51,Medium
100081,Arts,Senior,3.274,2.79,Copywriting/Drafting,Beginner,2,True,1.96,2,Allowed_With_Citation,1,3.195,69.29,Low
100082,Business,Junior,3.332,8.53,Direct_Answer_Generation,Beginner,2,False,12.93,4,Strict_Ban,2,3.421,64.26,Low
100083,Humanities,Graduate,3.221,13.97,Summarizing_Reading,Beginner,1,False,4.38,4,Actively_Encouraged,4,3.418,75.13,Medium
100084,STEM,Freshman,3.414,3.7,Debugging/Troubleshooting,Intermediate,4,False,17.94,2,Allowed_With_Citation,2,3.691,73.6,Medium
100085,Humanities,Graduate,2.132,8.18,Direct_Answer_Generation,Advanced,4,False,12.32,4,Actively_Encouraged,3,2.354,65.13,Low
100086,Humanities,Sophomore,3.106,8.23,Debugging/Troubleshooting,Intermediate,3,False,18.91,3,Strict_Ban,3,3.334,81.48,Medium
100087,Business,Graduate,3.033,9.65,Ideation,Intermediate,5,True,2.81,2,Strict_Ban,5,3.216,93.82,High
100088,Business,Senior,2.549,13.19,Ideation,Beginner,2,True,11.21,6,Allowed_With_Citation,5,2.855,59.64,Medium
100089,Medical,Graduate,3.367,6.51,Summarizing_Reading,Beginner,3,True,2.53,1,Actively_Encouraged,2,3.389,79.27,High
100090,Humanities,Graduate,3.544,34,Debugging/Troubleshooting,Beginner,2,False,8.67,6,Actively_Encouraged,1,3.795,68.8,High
100091,STEM,Graduate,2.291,7.91,Debugging/Troubleshooting,Intermediate,5,False,14.46,3,Actively_Encouraged,6,2.75,55.09,Medium
100092,Business,Junior,2.592,5.87,Copywriting/Drafting,Intermediate,5,True,8.39,3,Strict_Ban,2,3.139,65.99,High
100093,Arts,Senior,2.561,0.16,Debugging/Troubleshooting,Intermediate,5,False,14.86,3,Allowed_With_Citation,1,2.887,68.77,Low
100094,Business,Senior,2.778,12.92,Direct_Answer_Generation,Intermediate,2,True,9.91,7,Actively_Encouraged,8,3.17,74.32,Medium
100095,Arts,Freshman,3.099,21.32,Summarizing_Reading,Beginner,2,True,12.78,3,Allowed_With_Citation,4,3.378,76.16,Medium
100096,Humanities,Senior,3.773,5.21,Copywriting/Drafting,Beginner,1,False,11.81,1,Allowed_With_Citation,3,3.873,59.56,High
100097,Business,Freshman,2.907,3.32,Direct_Answer_Generation,Intermediate,2,False,8.4,2,Actively_Encouraged,5,2.993,71.8,Medium
100098,Humanities,Graduate,2.292,3.02,Copywriting/Drafting,Beginner,2,False,9.14,2,Allowed_With_Citation,3,2.918,66.73,Medium
100099,STEM,Freshman,2.016,28.71,Debugging/Troubleshooting,Advanced,5,True,5.64,6,Allowed_With_Citation,4,2.473,55.74,Medium
100100,STEM,Graduate,2.661,11.3,Direct_Answer_Generation,Advanced,3,False,11.04,6,Allowed_With_Citation,2,2.754,98.76,High
100101,STEM,Sophomore,3.612,25.83,Debugging/Troubleshooting,Intermediate,3,True,10.46,7,Allowed_With_Citation,6,3.715,62.3,High
100102,Business,Freshman,2.038,8.9,Debugging/Troubleshooting,Intermediate,3,True,13.27,6,Strict_Ban,4,1.942,55.12,Medium
100103,Humanities,Graduate,3.786,3.32,Copywriting/Drafting,Beginner,2,True,10.21,5,Allowed_With_Citation,2,4,56.37,Medium
100104,Business,Freshman,3.204,4.77,Debugging/Troubleshooting,Intermediate,2,False,13.78,2,Allowed_With_Citation,4,3.348,85.52,Low
100105,Medical,Junior,2.076,5.72,Copywriting/Drafting,Intermediate,2,True,13.43,2,Actively_Encouraged,2,2.307,63.93,Medium
100106,STEM,Senior,2.972,9.6,Debugging/Troubleshooting,Intermediate,3,True,8.86,3,Allowed_With_Citation,1,3.234,87.33,Medium
100107,Humanities,Sophomore,2.728,6.37,Copywriting/Drafting,Advanced,3,True,9.82,2,Strict_Ban,1,2.869,84.71,Low
100108,Arts,Junior,2.133,4.33,Direct_Answer_Generation,Beginner,1,False,11.66,2,Strict_Ban,4,2.468,72.83,Low
100109,STEM,Senior,2.926,0.43,Copywriting/Drafting,Intermediate,4,False,19.85,3,Allowed_With_Citation,1,3.321,94.36,Low
100110,STEM,Graduate,2.379,10.28,Ideation,Advanced,4,False,21.84,4,Allowed_With_Citation,2,3.09,96.15,Low
100111,STEM,Freshman,3.866,7.54,Debugging/Troubleshooting,Beginner,1,False,5.89,2,Strict_Ban,4,4,53.65,Low
100112,STEM,Freshman,3.203,12.06,Ideation,Beginner,3,True,10.76,6,Allowed_With_Citation,6,3.257,82.36,Medium
100113,Medical,Junior,3.501,9.86,Ideation,Intermediate,2,False,10.92,5,Allowed_With_Citation,3,3.839,85.42,Low
100114,Arts,Sophomore,3.151,2.86,Copywriting/Drafting,Beginner,1,True,8.7,4,Allowed_With_Citation,1,3.176,66.09,Low
100115,Business,Sophomore,3.784,2.61,Ideation,Advanced,5,False,17.37,1,Allowed_With_Citation,3,4,83.06,Low
100116,Medical,Sophomore,3.242,1.25,Ideation,Beginner,3,False,8.2,2,Allowed_With_Citation,3,3.705,78.83,Medium
100117,Arts,Junior,2.845,5.45,Summarizing_Reading,Advanced,3,True,13.36,3,Actively_Encouraged,4,3.213,61.45,Low
100118,STEM,Graduate,3.915,0.73,Debugging/Troubleshooting,Intermediate,2,False,14.34,1,Strict_Ban,6,4,62.09,Low
100119,Medical,Freshman,2.67,27.9,Summarizing_Reading,Beginner,2,False,3.85,7,Allowed_With_Citation,5,2.602,62.97,Medium
100120,Business,Freshman,2.074,0.9,Ideation,Advanced,5,True,14.29,1,Allowed_With_Citation,3,2.217,69.58,Low
100121,Arts,Senior,1.845,3.58,Ideation,Intermediate,4,False,13.55,3,Allowed_With_Citation,2,2.293,63.51,Medium
100122,Medical,Freshman,3.667,0.51,Direct_Answer_Generation,Beginner,2,False,18.15,4,Actively_Encouraged,9,3.99,69.49,Low
100123,Humanities,Senior,3.684,18.48,Copywriting/Drafting,Beginner,1,False,15.63,4,Allowed_With_Citation,4,4,88.85,Medium
100124,STEM,Sophomore,3.856,3.16,Ideation,Advanced,3,True,6.88,5,Actively_Encouraged,6,4,93.35,Medium
100125,STEM,Sophomore,3.446,40,Summarizing_Reading,Intermediate,4,False,7.47,10,Actively_Encouraged,2,3.441,76.67,High
100126,Humanities,Sophomore,3.086,18.06,Debugging/Troubleshooting,Beginner,2,False,7.85,7,Actively_Encouraged,8,3.137,86.56,Medium
100127,Arts,Sophomore,2.461,5.4,Direct_Answer_Generation,Intermediate,2,False,11.48,4,Allowed_With_Citation,2,2.574,96.82,Low
100128,Arts,Senior,3.887,23.63,Ideation,Beginner,2,True,17.8,7,Strict_Ban,9,4,76.58,Medium
100129,STEM,Graduate,3.092,3.94,Debugging/Troubleshooting,Intermediate,4,False,13.31,3,Allowed_With_Citation,3,3.456,63.1,Medium
100130,Business,Junior,3.537,8.18,Ideation,Intermediate,2,False,14.57,2,Actively_Encouraged,1,3.576,96.33,Low
100131,Humanities,Junior,3.138,1.62,Copywriting/Drafting,Beginner,2,False,11.94,1,Allowed_With_Citation,6,3.146,48.73,Low
100132,STEM,Freshman,3.505,20.76,Ideation,Advanced,3,True,7.95,5,Allowed_With_Citation,4,4,84.53,Low
100133,STEM,Senior,3.724,9.69,Debugging/Troubleshooting,Beginner,3,False,13.35,5,Actively_Encouraged,5,3.897,73.28,Medium
100134,Humanities,Junior,3.416,16.77,Direct_Answer_Generation,Advanced,3,False,11.01,6,Allowed_With_Citation,1,3.717,67.16,High
100135,Medical,Freshman,2.398,6.97,Summarizing_Reading,Beginner,2,False,10.01,3,Allowed_With_Citation,7,2.57,67.06,Low
100136,Humanities,Freshman,2.686,6.39,Debugging/Troubleshooting,Beginner,1,True,8.27,3,Actively_Encouraged,7,2.785,56.59,Medium
100137,Business,Freshman,3.164,11.13,Debugging/Troubleshooting,Beginner,3,True,12.68,8,Allowed_With_Citation,3,3.49,77.45,Medium
100138,Business,Freshman,2.767,0.44,Ideation,Advanced,4,True,19.67,4,Strict_Ban,2,3.137,82.77,Medium
100139,Humanities,Senior,3.706,4.18,Direct_Answer_Generation,Intermediate,1,True,5.38,1,Allowed_With_Citation,3,3.881,59.74,Medium
100140,Medical,Graduate,3.393,1.9,Ideation,Beginner,2,False,9.32,3,Allowed_With_Citation,2,3.384,64.37,Low
100141,Medical,Senior,2.443,20.69,Ideation,Beginner,2,False,1.95,4,Allowed_With_Citation,7,2.674,79.7,High
100142,STEM,Junior,2.407,25.2,Debugging/Troubleshooting,Advanced,4,True,10.34,4,Allowed_With_Citation,4,2.794,69.1,High
100143,Humanities,Sophomore,3.43,10.37,Copywriting/Drafting,Advanced,4,True,16.72,4,Actively_Encouraged,1,3.641,78.81,Medium
100144,Humanities,Sophomore,3.668,16.61,Summarizing_Reading,Beginner,3,False,6.92,5,Allowed_With_Citation,7,3.645,76.77,High
100145,STEM,Junior,3.691,22.04,Summarizing_Reading,Intermediate,1,True,1,6,Allowed_With_Citation,9,3.877,72.99,Low
100146,STEM,Sophomore,2.425,9.16,Ideation,Advanced,3,False,18.86,5,Actively_Encouraged,4,2.992,90.32,High
100147,Business,Sophomore,3.087,25.66,Ideation,Intermediate,1,False,1,5,Allowed_With_Citation,4,3.103,79.98,High
100148,Business,Junior,2.107,6.05,Ideation,Beginner,2,True,6.14,1,Actively_Encouraged,1,2.313,76.11,Low
100149,STEM,Sophomore,3.221,40,Debugging/Troubleshooting,Beginner,3,True,4.54,6,Allowed_With_Citation,5,3.347,57.02,High
100150,STEM,Freshman,3.641,35.18,Debugging/Troubleshooting,Advanced,4,True,7.77,8,Actively_Encouraged,6,3.84,51.53,High
100151,Medical,Freshman,3.85,20.4,Copywriting/Drafting,Beginner,1,False,16.51,6,Actively_Encouraged,6,4,100,Medium
100152,STEM,Sophomore,2.784,4.43,Copywriting/Drafting,Intermediate,5,True,17.4,4,Allowed_With_Citation,3,3.092,82.92,Low
100153,STEM,Junior,2.871,4.13,Summarizing_Reading,Advanced,4,False,10.31,1,Allowed_With_Citation,4,2.848,85.82,Medium
100154,Humanities,Sophomore,3.518,4.01,Ideation,Intermediate,3,True,18.42,1,Allowed_With_Citation,3,3.728,88.31,Low
100155,Medical,Freshman,3.661,1.52,Summarizing_Reading,Intermediate,3,False,8,3,Strict_Ban,2,3.851,48.59,Medium
100156,STEM,Sophomore,3.441,1.35,Copywriting/Drafting,Advanced,3,False,20.18,3,Actively_Encouraged,4,3.745,72.69,Medium
100157,Business,Freshman,2.323,9.72,Summarizing_Reading,Beginner,3,False,10.26,6,Allowed_With_Citation,7,2.537,73.34,High
100158,Arts,Graduate,3.033,3.86,Copywriting/Drafting,Beginner,3,True,6.6,5,Actively_Encouraged,5,3.487,71.38,High
100159,STEM,Sophomore,2.148,10.2,Direct_Answer_Generation,Beginner,2,True,6.81,4,Strict_Ban,4,2.536,81.38,High
100160,Business,Freshman,3.491,2.92,Ideation,Intermediate,3,True,13.33,4,Actively_Encouraged,9,3.739,77.34,Medium
100161,Humanities,Senior,3.564,2.76,Copywriting/Drafting,Beginner,3,False,21.05,1,Actively_Encouraged,5,4,66.33,Low
100162,Business,Sophomore,3.518,9.49,Summarizing_Reading,Beginner,2,False,7.24,5,Strict_Ban,5,3.553,76.08,Low
100163,Business,Junior,3.34,2.62,Debugging/Troubleshooting,Beginner,1,False,18.85,3,Allowed_With_Citation,2,3.728,81.7,High
100164,Business,Freshman,3.565,1.41,Ideation,Intermediate,2,False,15.13,4,Allowed_With_Citation,5,3.905,80.89,Low
100165,STEM,Graduate,2.309,27.25,Debugging/Troubleshooting,Beginner,3,True,12.13,6,Allowed_With_Citation,5,2.606,70.82,High
100166,Arts,Graduate,3.365,9.67,Ideation,Beginner,2,False,7.94,3,Actively_Encouraged,5,3.286,66.16,High
100167,Humanities,Senior,3.257,1.18,Summarizing_Reading,Beginner,1,False,16.79,1,Strict_Ban,2,3.809,81.93,High
100168,STEM,Senior,2.258,2.67,Debugging/Troubleshooting,Intermediate,1,False,6.45,3,Allowed_With_Citation,1,2.326,82.16,Low
100169,STEM,Junior,2.086,4.31,Debugging/Troubleshooting,Intermediate,2,False,5.11,2,Strict_Ban,5,2.38,51.4,Medium
100170,Business,Graduate,2.331,5.54,Summarizing_Reading,Intermediate,2,True,11,3,Strict_Ban,4,2.493,83.54,High
100171,Business,Junior,1.737,0.78,Ideation,Advanced,4,True,15.51,5,Allowed_With_Citation,5,2.001,82.74,Low
100172,STEM,Sophomore,3.3,2.54,Ideation,Intermediate,1,False,9.31,4,Allowed_With_Citation,7,3.386,80.69,Medium
100173,Business,Freshman,2.624,0.11,Summarizing_Reading,Advanced,3,False,10.56,3,Allowed_With_Citation,7,2.737,71.53,Medium
100174,STEM,Freshman,3.478,9.82,Copywriting/Drafting,Beginner,2,False,1.21,3,Allowed_With_Citation,6,3.476,41.99,Low
100175,Business,Junior,2.121,14.99,Direct_Answer_Generation,Intermediate,2,False,14.5,6,Actively_Encouraged,3,2.264,65.19,Medium
100176,STEM,Sophomore,3.174,2.13,Debugging/Troubleshooting,Beginner,2,False,18.79,5,Actively_Encouraged,8,3.084,69.25,High
100177,Business,Senior,3.349,18.12,Ideation,Advanced,4,False,6.81,6,Allowed_With_Citation,5,3.457,87.34,High
100178,Humanities,Sophomore,2.576,3.46,Summarizing_Reading,Beginner,3,True,18.16,3,Allowed_With_Citation,4,2.835,73.45,Low
100179,Medical,Graduate,3.66,2.94,Copywriting/Drafting,Beginner,1,True,12.84,3,Strict_Ban,5,3.961,59.54,Low
100180,STEM,Junior,2.866,2.7,Debugging/Troubleshooting,Advanced,5,False,10.94,2,Actively_Encouraged,2,3.515,66.28,Low
100181,Humanities,Junior,2.129,26.24,Copywriting/Drafting,Advanced,5,True,7.7,7,Strict_Ban,9,2.284,82.23,High
100182,STEM,Junior,3.676,3.1,Debugging/Troubleshooting,Beginner,1,True,17.08,4,Strict_Ban,1,3.814,57.65,Low
100183,Medical,Graduate,3.443,3.49,Ideation,Advanced,3,True,10.52,2,Actively_Encouraged,3,3.805,90.63,High
100184,Medical,Freshman,3.295,0.75,Summarizing_Reading,Beginner,2,False,18.67,1,Allowed_With_Citation,5,3.413,64.58,Low
100185,STEM,Freshman,3.022,37.66,Copywriting/Drafting,Intermediate,3,True,7.47,6,Allowed_With_Citation,7,3.26,55.99,Medium
100186,Business,Senior,3.43,0.36,Debugging/Troubleshooting,Beginner,2,False,12.55,4,Allowed_With_Citation,1,3.995,90.27,Low
100187,Arts,Senior,2.82,3.33,Copywriting/Drafting,Intermediate,3,False,12.62,2,Allowed_With_Citation,1,3.102,61.83,Low
100188,Business,Junior,3.396,1.87,Copywriting/Drafting,Intermediate,3,False,3.97,2,Actively_Encouraged,1,3.49,55.3,Medium
100189,Business,Sophomore,3.326,3.23,Ideation,Beginner,2,False,15.68,1,Allowed_With_Citation,4,3.592,62.61,Medium
100190,STEM,Sophomore,3.414,1.7,Copywriting/Drafting,Intermediate,4,False,10.47,3,Allowed_With_Citation,8,3.882,89.38,Low
100191,STEM,Sophomore,3.05,3.49,Summarizing_Reading,Intermediate,2,False,3.56,2,Actively_Encouraged,1,2.981,92.74,Low
100192,Medical,Graduate,3.668,3.05,Summarizing_Reading,Intermediate,2,False,5,4,Actively_Encouraged,9,4,96.43,High
100193,Medical,Sophomore,3.282,2.41,Direct_Answer_Generation,Beginner,2,False,12.17,3,Allowed_With_Citation,1,3.661,100,Low
100194,Business,Senior,3.295,7.69,Copywriting/Drafting,Advanced,5,False,16.64,1,Allowed_With_Citation,2,3.857,95.01,Low
100195,Humanities,Senior,2.228,3.64,Ideation,Beginner,3,False,2.4,1,Allowed_With_Citation,5,2.429,72.68,Medium
100196,Humanities,Freshman,3.781,2.11,Copywriting/Drafting,Intermediate,2,False,18.87,2,Actively_Encouraged,3,3.95,87.3,Medium
100197,Business,Freshman,3.861,6.34,Direct_Answer_Generation,Beginner,2,False,11.62,3,Allowed_With_Citation,6,3.797,55.28,Low
100198,Medical,Sophomore,2.816,2.64,Direct_Answer_Generation,Intermediate,1,False,13.48,1,Allowed_With_Citation,6,2.921,76.6,Low
100199,Medical,Senior,1.691,8.1,Summarizing_Reading,Beginner,3,False,9.79,4,Allowed_With_Citation,3,1.86,58.58,Medium
100200,Arts,Sophomore,2.874,14.28,Direct_Answer_Generation,Advanced,3,False,13.68,6,Strict_Ban,5,3.035,87.08,High
100201,Business,Freshman,3.337,17.53,Copywriting/Drafting,Beginner,2,True,13.95,6,Strict_Ban,10,3.714,53.77,Medium
100202,STEM,Sophomore,2.773,1.76,Summarizing_Reading,Advanced,3,True,18.52,2,Actively_Encouraged,2,3.061,68.03,Low
100203,STEM,Freshman,3.548,0.87,Debugging/Troubleshooting,Intermediate,5,True,12.01,4,Strict_Ban,7,3.673,72.33,Medium
100204,Medical,Freshman,2.053,10.51,Direct_Answer_Generation,Beginner,3,False,11.46,4,Allowed_With_Citation,6,2.172,73.12,Low
100205,Business,Sophomore,3.357,21.32,Debugging/Troubleshooting,Beginner,2,True,14.42,6,Allowed_With_Citation,6,3.824,64.84,Medium
100206,STEM,Freshman,3.219,8.15,Debugging/Troubleshooting,Intermediate,3,True,17.99,4,Actively_Encouraged,6,3.384,62,Medium
100207,STEM,Senior,3.819,0.81,Debugging/Troubleshooting,Beginner,2,True,12.11,4,Actively_Encouraged,5,4,88.92,Medium
100208,Business,Sophomore,3.166,9.73,Ideation,Beginner,1,False,11.08,4,Allowed_With_Citation,4,3.424,88.19,Low
100209,STEM,Senior,3.742,1.59,Direct_Answer_Generation,Beginner,2,True,20.06,4,Actively_Encouraged,6,4,57.99,Medium
100210,STEM,Junior,2.358,6.03,Summarizing_Reading,Advanced,4,True,10.87,2,Allowed_With_Citation,7,2.525,73.66,Medium
100211,Business,Graduate,3.179,9.61,Debugging/Troubleshooting,Advanced,3,True,6.04,4,Allowed_With_Citation,7,3.448,85.19,Medium
100212,Business,Freshman,3.37,16.68,Summarizing_Reading,Advanced,4,True,13.45,5,Allowed_With_Citation,6,3.544,60.04,Medium
100213,Business,Freshman,2.363,6.12,Ideation,Advanced,5,True,11.18,6,Allowed_With_Citation,1,2.653,92.54,Low
100214,STEM,Graduate,3.741,4.25,Direct_Answer_Generation,Beginner,2,True,1.29,4,Allowed_With_Citation,7,3.903,89.03,Medium
100215,Business,Senior,3.815,5.75,Summarizing_Reading,Advanced,5,True,10.43,3,Allowed_With_Citation,6,4,77.85,Low
100216,STEM,Freshman,3.098,1.91,Debugging/Troubleshooting,Intermediate,2,True,3.43,4,Allowed_With_Citation,6,2.936,62.17,Low
100217,Humanities,Freshman,2.833,4.27,Copywriting/Drafting,Intermediate,3,False,1,5,Actively_Encouraged,1,2.957,77.19,High
100218,Business,Graduate,3.528,7.89,Ideation,Beginner,2,False,23.25,2,Strict_Ban,2,4,98.6,High
100219,Business,Freshman,2.684,2.69,Ideation,Beginner,1,False,14.68,2,Allowed_With_Citation,3,2.888,86.1,Low
100220,Arts,Graduate,3.212,3.85,Copywriting/Drafting,Intermediate,3,True,21.18,4,Actively_Encouraged,6,3.444,67.65,Low
100221,Business,Graduate,3.338,23.56,Ideation,Advanced,3,True,1.73,7,Actively_Encouraged,9,3.623,79.2,High
100222,Business,Sophomore,3.392,0.18,Debugging/Troubleshooting,Beginner,3,False,19.52,1,Strict_Ban,1,3.568,75.24,Low
100223,STEM,Senior,3.062,21.42,Summarizing_Reading,Advanced,4,False,10.64,3,Strict_Ban,4,3.035,63.98,High
100224,Humanities,Junior,3.041,11.81,Summarizing_Reading,Beginner,3,False,16.54,2,Allowed_With_Citation,3,3.149,70.08,High
100225,STEM,Senior,3.565,4.6,Ideation,Beginner,3,False,20.32,3,Allowed_With_Citation,5,3.834,76.92,Medium
100226,STEM,Sophomore,3.337,3.82,Copywriting/Drafting,Beginner,3,True,10.28,1,Actively_Encouraged,1,3.378,90.81,Medium
100227,Medical,Freshman,1.928,9.33,Summarizing_Reading,Advanced,4,False,1,2,Actively_Encouraged,6,1.866,49.12,Low
100228,Humanities,Senior,3.225,15.05,Summarizing_Reading,Beginner,3,False,4.01,5,Actively_Encouraged,7,3.354,59.27,Medium
100229,Medical,Freshman,3.167,0.39,Summarizing_Reading,Beginner,3,False,21.6,1,Allowed_With_Citation,3,3.643,80.69,Low
100230,Business,Graduate,2.767,6.3,Ideation,Intermediate,1,False,8.96,1,Actively_Encouraged,1,3.032,65.87,Medium
100231,Arts,Sophomore,3.29,2.28,Ideation,Beginner,1,True,5.92,1,Allowed_With_Citation,2,3.646,81.36,Low
100232,Business,Freshman,3.653,1.27,Ideation,Intermediate,5,False,10.97,4,Allowed_With_Citation,3,3.572,72.15,High
100233,Business,Sophomore,3.767,5.41,Ideation,Beginner,1,False,6.16,3,Allowed_With_Citation,7,3.61,61.21,Low
100234,Humanities,Graduate,3.609,0.76,Debugging/Troubleshooting,Advanced,5,False,14.74,2,Strict_Ban,1,4,89.33,Low
100235,STEM,Sophomore,3.319,8.17,Direct_Answer_Generation,Advanced,3,False,16.89,3,Allowed_With_Citation,5,3.641,88.9,High
100236,Business,Graduate,3.133,0.26,Ideation,Beginner,3,True,17.54,1,Allowed_With_Citation,5,3.209,81.38,Medium
100237,STEM,Freshman,3.291,8.76,Copywriting/Drafting,Intermediate,3,True,16.54,2,Strict_Ban,3,3.644,100,Medium
100238,STEM,Junior,3.857,3.97,Direct_Answer_Generation,Advanced,4,False,23.89,1,Allowed_With_Citation,4,4,100,Medium
100239,Business,Graduate,3.351,15.28,Ideation,Beginner,2,False,15.69,6,Actively_Encouraged,7,3.623,78.96,Medium
100240,STEM,Freshman,3.381,7.75,Debugging/Troubleshooting,Beginner,1,False,14.91,3,Allowed_With_Citation,4,3.474,74.92,Medium
100241,Medical,Sophomore,3.555,5.97,Summarizing_Reading,Beginner,1,True,11.13,2,Allowed_With_Citation,2,3.516,82.38,Low
100242,Medical,Graduate,3.511,9.68,Summarizing_Reading,Beginner,2,True,17.3,6,Actively_Encouraged,3,3.704,86.02,High
100243,Medical,Junior,3.267,1.62,Summarizing_Reading,Advanced,3,False,8.63,5,Actively_Encouraged,2,3.52,73.95,Medium
100244,Humanities,Senior,2.689,0.67,Copywriting/Drafting,Beginner,2,False,7.05,3,Strict_Ban,5,2.993,87.34,Medium
100245,STEM,Senior,3.589,22.12,Ideation,Intermediate,2,False,10.25,7,Allowed_With_Citation,10,3.635,97.9,Medium
100246,Medical,Junior,2.81,19.75,Direct_Answer_Generation,Beginner,2,True,3.18,6,Allowed_With_Citation,1,2.358,64.94,High
100247,Humanities,Senior,3.495,9.09,Copywriting/Drafting,Beginner,3,True,13.12,2,Strict_Ban,5,3.745,72.68,High
100248,Medical,Junior,2.312,14.79,Debugging/Troubleshooting,Advanced,3,True,10.08,2,Allowed_With_Citation,2,2.989,100,Medium
100249,Medical,Senior,3.915,7.89,Summarizing_Reading,Intermediate,4,False,20.54,6,Strict_Ban,4,4,78.11,Medium
100250,Arts,Freshman,3.803,5.74,Copywriting/Drafting,Beginner,1,True,14.62,4,Allowed_With_Citation,3,3.803,67.41,Low
100251,STEM,Graduate,3.016,12.75,Ideation,Advanced,3,True,21.44,6,Allowed_With_Citation,3,3.507,82.28,High
100252,Humanities,Senior,3.332,9.12,Direct_Answer_Generation,Advanced,4,True,12.83,5,Allowed_With_Citation,3,3.72,83.47,Medium
100253,Arts,Sophomore,2.648,1.43,Copywriting/Drafting,Beginner,3,False,10.69,3,Actively_Encouraged,2,2.517,71.83,Low
100254,Humanities,Junior,3.878,11.89,Debugging/Troubleshooting,Intermediate,3,True,8.94,4,Allowed_With_Citation,3,4,64.07,Medium
100255,STEM,Sophomore,2.069,25.73,Copywriting/Drafting,Beginner,2,False,19.14,7,Allowed_With_Citation,6,2.314,59.48,High
100256,Business,Senior,2.738,7.93,Ideation,Intermediate,2,True,1.7,1,Strict_Ban,1,3.103,63.11,Low
100257,Medical,Graduate,3.164,3.38,Direct_Answer_Generation,Advanced,3,True,12.47,1,Strict_Ban,2,3.636,81.63,High
100258,Business,Freshman,3.416,2.17,Summarizing_Reading,Advanced,3,False,17.99,1,Allowed_With_Citation,2,3.669,89.41,Low
100259,Business,Graduate,2.41,7.72,Copywriting/Drafting,Advanced,3,False,6.6,2,Allowed_With_Citation,2,2.556,76.43,High
100260,STEM,Freshman,2.637,0.74,Debugging/Troubleshooting,Advanced,3,True,14.56,2,Allowed_With_Citation,3,3.132,84.55,Medium
100261,Business,Junior,3.244,20.81,Ideation,Advanced,3,True,11.55,5,Allowed_With_Citation,4,3.651,87.79,Medium
100262,Medical,Junior,3.506,5.02,Summarizing_Reading,Intermediate,2,False,10.09,1,Allowed_With_Citation,3,3.88,71.93,Low
100263,STEM,Sophomore,3.825,18.43,Debugging/Troubleshooting,Intermediate,3,True,7.11,3,Actively_Encouraged,3,4,87.29,Low
100264,Business,Junior,3.05,22.73,Summarizing_Reading,Beginner,3,True,11.01,7,Allowed_With_Citation,6,3.284,68.48,High
100265,Medical,Senior,2.94,1.62,Summarizing_Reading,Intermediate,3,True,11.71,4,Strict_Ban,2,3.211,82.2,Low
100266,Business,Sophomore,3.293,10.66,Debugging/Troubleshooting,Beginner,1,False,6.63,3,Allowed_With_Citation,2,3.37,89.83,Low
100267,Business,Freshman,2.912,12.22,Ideation,Intermediate,1,False,11.33,5,Allowed_With_Citation,3,2.95,65.63,Medium
100268,Business,Junior,3.302,23.57,Copywriting/Drafting,Intermediate,4,True,21.08,6,Allowed_With_Citation,7,3.567,89.24,Medium
100269,Humanities,Senior,3.472,3.46,Copywriting/Drafting,Intermediate,3,True,9.68,1,Actively_Encouraged,3,3.848,69.07,Medium
100270,STEM,Graduate,2.579,0.86,Ideation,Beginner,1,True,8.9,1,Actively_Encouraged,1,2.888,80.34,Low
100271,Arts,Freshman,2.991,9.42,Copywriting/Drafting,Beginner,1,True,10.47,5,Actively_Encouraged,7,3.261,79.72,Low
100272,Arts,Graduate,2.736,1.3,Debugging/Troubleshooting,Beginner,2,True,12.06,5,Actively_Encouraged,4,2.995,73.16,High
100273,Arts,Junior,3.616,3.95,Copywriting/Drafting,Beginner,2,False,1.18,3,Strict_Ban,9,3.863,62.9,High
100274,Medical,Sophomore,2.807,21.31,Summarizing_Reading,Beginner,3,False,10.46,8,Strict_Ban,8,2.855,53.56,Medium
100275,Business,Graduate,3.706,0.8,Copywriting/Drafting,Intermediate,4,False,10.72,4,Actively_Encouraged,6,3.948,100,Low
100276,Business,Sophomore,3.517,6.5,Summarizing_Reading,Intermediate,3,True,11.21,1,Allowed_With_Citation,1,3.78,72.34,High
100277,Arts,Senior,3.444,0.39,Copywriting/Drafting,Beginner,3,False,9.38,1,Allowed_With_Citation,4,3.618,68.24,High
100278,Business,Senior,3.586,14.54,Ideation,Beginner,1,False,13.74,4,Strict_Ban,7,3.908,62.69,High
100279,Business,Junior,3.117,1.65,Copywriting/Drafting,Beginner,2,False,7.45,5,Allowed_With_Citation,1,3.292,66.31,High
100280,Arts,Senior,3.302,0.33,Summarizing_Reading,Beginner,2,False,14.09,2,Allowed_With_Citation,3,3.335,93.98,Medium
100281,Medical,Junior,3.765,5.79,Debugging/Troubleshooting,Beginner,2,False,18.43,1,Allowed_With_Citation,2,4,96.43,Low
100282,Humanities,Freshman,3.84,5.69,Copywriting/Drafting,Beginner,1,False,19.29,5,Allowed_With_Citation,4,4,72.7,Medium
100283,Humanities,Senior,2.864,7.31,Copywriting/Drafting,Advanced,3,True,11.41,3,Actively_Encouraged,4,3.235,92.27,Medium
100284,STEM,Graduate,2.235,21.44,Debugging/Troubleshooting,Intermediate,3,True,10.15,4,Strict_Ban,8,2.594,80.69,High
100285,Business,Junior,3.039,0.49,Ideation,Intermediate,4,False,10.57,1,Actively_Encouraged,1,3.067,80.71,Low
100286,STEM,Graduate,3.112,11.33,Direct_Answer_Generation,Intermediate,2,False,3.98,4,Actively_Encouraged,6,3.159,71.73,High
100287,Humanities,Junior,3.156,0.61,Ideation,Beginner,2,False,20.45,1,Actively_Encouraged,4,3.562,77.08,Medium
100288,Business,Junior,2.672,13.55,Ideation,Advanced,4,True,2.54,6,Allowed_With_Citation,6,2.911,86.59,Medium
100289,STEM,Senior,3.497,4.77,Direct_Answer_Generation,Advanced,3,False,13.94,2,Actively_Encouraged,4,3.63,97.52,Medium
100290,Business,Freshman,2.628,4.78,Debugging/Troubleshooting,Advanced,5,True,6.4,2,Allowed_With_Citation,1,2.598,76.75,High
100291,STEM,Graduate,3.389,8.49,Debugging/Troubleshooting,Intermediate,2,True,12.85,3,Allowed_With_Citation,3,3.48,89.74,High
100292,STEM,Senior,2.857,29.02,Summarizing_Reading,Intermediate,1,False,12.57,6,Allowed_With_Citation,6,3.225,52.64,Medium
100293,Arts,Graduate,2.566,16.4,Copywriting/Drafting,Beginner,2,True,18.53,4,Strict_Ban,5,2.606,52.09,High
100294,Humanities,Junior,3.531,6.12,Copywriting/Drafting,Beginner,2,False,19.66,3,Allowed_With_Citation,1,4,69.49,Medium
100295,STEM,Graduate,2.784,4.2,Debugging/Troubleshooting,Intermediate,3,False,15.22,5,Allowed_With_Citation,6,3.066,66.18,High
100296,Business,Senior,3.325,24.66,Copywriting/Drafting,Advanced,4,False,10.07,5,Allowed_With_Citation,3,3.598,100,Medium
100297,Arts,Junior,3.393,10.72,Summarizing_Reading,Advanced,5,True,13.07,5,Allowed_With_Citation,7,3.695,71.89,Medium
100298,STEM,Graduate,2.788,18.58,Direct_Answer_Generation,Advanced,3,False,1.6,6,Allowed_With_Citation,7,3.016,77.43,High
100299,Business,Junior,3.008,3.03,Ideation,Advanced,3,False,17.44,2,Allowed_With_Citation,5,3.5,100,Medium
100300,STEM,Junior,2.37,0.12,Debugging/Troubleshooting,Intermediate,3,False,17.41,5,Strict_Ban,8,2.714,84.97,Low
100301,STEM,Freshman,3.399,13.25,Copywriting/Drafting,Intermediate,3,False,1,6,Allowed_With_Citation,4,3.501,67.93,Medium
100302,Business,Graduate,2.869,3.16,Ideation,Intermediate,3,False,11.71,3,Allowed_With_Citation,2,2.939,73.9,Medium
100303,Business,Sophomore,3.182,27.29,Ideation,Beginner,1,False,5.18,7,Actively_Encouraged,4,3.263,40,Medium
100304,Business,Freshman,3.062,6.81,Ideation,Beginner,3,False,10.36,1,Allowed_With_Citation,2,2.96,55.25,Low
100305,Business,Freshman,2.666,40,Ideation,Advanced,5,True,6.91,9,Allowed_With_Citation,3,2.724,85.51,High
100306,Medical,Junior,2.437,0.41,Summarizing_Reading,Beginner,1,True,14.34,1,Actively_Encouraged,1,2.435,79.28,Low
100307,Business,Sophomore,3.352,4.54,Summarizing_Reading,Beginner,1,False,8.95,5,Actively_Encouraged,6,3.566,68.95,Low
100308,Humanities,Senior,2.707,7.94,Ideation,Intermediate,1,True,7.12,3,Allowed_With_Citation,5,2.981,74.44,Medium
100309,Arts,Sophomore,3.006,1.79,Copywriting/Drafting,Beginner,2,False,10.66,2,Actively_Encouraged,2,3.104,64.43,Low
100310,STEM,Senior,2.75,3.31,Debugging/Troubleshooting,Beginner,3,True,13.96,4,Allowed_With_Citation,3,2.685,91.55,Low
100311,Humanities,Freshman,2.806,8.83,Debugging/Troubleshooting,Advanced,3,True,14.11,1,Actively_Encouraged,3,3.292,97.27,Low
100312,STEM,Sophomore,3.695,11.05,Debugging/Troubleshooting,Intermediate,1,False,17.08,4,Allowed_With_Citation,5,4,84.26,Medium
100313,STEM,Senior,2.391,0.28,Debugging/Troubleshooting,Beginner,2,False,12.76,2,Allowed_With_Citation,5,2.564,86.21,Low
100314,Medical,Sophomore,3.795,2.26,Summarizing_Reading,Intermediate,2,False,25.64,1,Strict_Ban,1,4,68.26,Low
100315,Arts,Freshman,3.067,8.17,Debugging/Troubleshooting,Advanced,3,True,17.36,2,Actively_Encouraged,5,3.666,100,Low
100316,Business,Graduate,3.91,1.92,Ideation,Beginner,2,False,11.83,3,Actively_Encouraged,4,4,88.9,Medium
100317,Humanities,Freshman,3.162,15.07,Copywriting/Drafting,Advanced,4,True,13.03,3,Actively_Encouraged,1,3.432,95.56,Medium
100318,STEM,Freshman,2.808,4.48,Debugging/Troubleshooting,Advanced,4,False,19.21,2,Strict_Ban,6,3.352,83.04,Low
100319,STEM,Sophomore,2.338,4.23,Direct_Answer_Generation,Intermediate,1,False,14.77,4,Allowed_With_Citation,4,2.779,60.3,Medium
100320,STEM,Freshman,2.831,40,Debugging/Troubleshooting,Intermediate,1,False,11.65,7,Allowed_With_Citation,9,3.204,86.64,High
100321,Business,Freshman,2.714,1.01,Ideation,Intermediate,3,True,12.34,2,Strict_Ban,5,2.827,76.14,Medium
100322,Business,Senior,3.244,5.8,Debugging/Troubleshooting,Advanced,4,True,16.55,5,Strict_Ban,5,3.933,85.46,Medium
100323,Business,Freshman,3.275,1.01,Ideation,Beginner,1,False,12.45,1,Strict_Ban,3,3.302,51.93,Low
100324,STEM,Freshman,2.048,7.49,Debugging/Troubleshooting,Intermediate,2,False,4.84,2,Allowed_With_Citation,4,1.816,90.08,High
100325,Medical,Graduate,3.414,2.16,Summarizing_Reading,Beginner,1,False,19.16,5,Actively_Encouraged,4,3.873,83.84,Low
100326,Business,Junior,2.868,4.37,Ideation,Beginner,3,True,9.79,3,Allowed_With_Citation,6,3.303,82.62,Medium
100327,Business,Freshman,3.401,19.48,Copywriting/Drafting,Intermediate,3,True,4.95,4,Actively_Encouraged,7,3.42,69.04,Low
100328,Business,Junior,2.782,1.24,Copywriting/Drafting,Intermediate,2,True,20.34,2,Allowed_With_Citation,5,2.991,60.24,Low
100329,Humanities,Freshman,3.318,5.16,Debugging/Troubleshooting,Intermediate,3,True,7.37,1,Actively_Encouraged,3,3.178,73.04,Low
100330,STEM,Junior,3.468,8.89,Direct_Answer_Generation,Intermediate,2,False,17.69,5,Allowed_With_Citation,3,3.729,63.13,Low
100331,Humanities,Junior,3.767,1.27,Summarizing_Reading,Beginner,2,False,17.79,3,Allowed_With_Citation,4,4,71.23,Medium
100332,Arts,Graduate,2.366,29.13,Debugging/Troubleshooting,Intermediate,3,False,12.81,7,Actively_Encouraged,6,2.71,69.16,High
100333,STEM,Sophomore,2.572,0.65,Debugging/Troubleshooting,Intermediate,3,False,8.76,5,Actively_Encouraged,6,2.633,94.02,Medium
100334,STEM,Senior,3.8,40,Debugging/Troubleshooting,Advanced,4,True,5.04,8,Allowed_With_Citation,7,4,70.75,High
100335,STEM,Freshman,3.308,1.88,Summarizing_Reading,Intermediate,4,True,7.27,5,Strict_Ban,3,3.28,64.13,Medium
100336,STEM,Junior,3.004,13.65,Debugging/Troubleshooting,Advanced,3,True,18.37,4,Actively_Encouraged,2,3.601,80.65,Medium
100337,Arts,Sophomore,3.146,2.92,Copywriting/Drafting,Advanced,3,False,18.45,2,Allowed_With_Citation,4,3.11,73.74,Low
100338,Business,Junior,3.238,9.42,Ideation,Beginner,2,False,12.4,4,Allowed_With_Citation,7,3.474,65.5,High
100339,Humanities,Sophomore,2.797,0.34,Debugging/Troubleshooting,Advanced,5,False,18.75,5,Allowed_With_Citation,1,3.209,98.6,Low
100340,STEM,Graduate,2.315,15.4,Copywriting/Drafting,Beginner,2,True,5.34,4,Allowed_With_Citation,5,2.428,55.3,Low
100341,Humanities,Graduate,3.725,2.4,Direct_Answer_Generation,Beginner,2,False,8.14,3,Actively_Encouraged,1,3.904,71.19,Medium
100342,Humanities,Junior,2.689,3.66,Direct_Answer_Generation,Beginner,2,False,11.26,3,Strict_Ban,1,3.054,76.66,Medium
100343,STEM,Freshman,2.733,23.54,Copywriting/Drafting,Advanced,5,True,17.26,8,Strict_Ban,9,3.019,62.68,High
100344,Humanities,Junior,3.853,6.82,Debugging/Troubleshooting,Advanced,3,False,10.66,2,Actively_Encouraged,1,4,84.84,Medium
100345,Humanities,Senior,3.448,17.5,Copywriting/Drafting,Intermediate,3,False,13.58,3,Allowed_With_Citation,6,3.558,82.42,High
100346,Business,Freshman,3.208,32.77,Ideation,Intermediate,5,False,1.9,8,Allowed_With_Citation,5,3.228,73.52,High
100347,Business,Junior,2.829,4.77,Ideation,Intermediate,3,False,9.63,2,Actively_Encouraged,3,2.898,67.17,Low
100348,STEM,Freshman,3.52,1.13,Copywriting/Drafting,Advanced,5,True,7.89,3,Allowed_With_Citation,6,3.621,86.97,Low
100349,Humanities,Sophomore,3.23,4.99,Summarizing_Reading,Beginner,2,False,5.96,2,Allowed_With_Citation,2,3.334,45.42,Low
100350,Business,Freshman,3.811,7.2,Debugging/Troubleshooting,Intermediate,3,False,8.46,2,Actively_Encouraged,4,3.991,73.79,Medium
100351,Business,Graduate,3.402,1.94,Direct_Answer_Generation,Advanced,3,False,11.86,1,Allowed_With_Citation,2,3.613,87.1,Medium
100352,Arts,Freshman,3.542,4.93,Copywriting/Drafting,Beginner,2,False,5.99,1,Strict_Ban,4,3.616,66.01,Low
100353,Business,Freshman,3.03,8.26,Summarizing_Reading,Beginner,1,True,2.4,3,Allowed_With_Citation,6,3.078,82.29,Medium
100354,STEM,Graduate,2.915,9.77,Debugging/Troubleshooting,Beginner,1,True,7,3,Allowed_With_Citation,4,3.175,97.22,High
100355,STEM,Junior,2.456,3.84,Copywriting/Drafting,Beginner,1,False,16.09,1,Actively_Encouraged,1,2.594,58.42,Low
100356,Business,Senior,2.83,9.04,Direct_Answer_Generation,Intermediate,3,False,11.36,2,Allowed_With_Citation,5,2.936,100,Medium
100357,STEM,Sophomore,2.879,32.69,Debugging/Troubleshooting,Beginner,2,True,13.2,9,Allowed_With_Citation,4,2.836,67.28,Medium
100358,Business,Junior,3.416,2.75,Ideation,Beginner,2,False,11.46,1,Allowed_With_Citation,6,3.731,79.42,Low
100359,Medical,Freshman,3.006,13.87,Summarizing_Reading,Advanced,3,False,4.73,4,Allowed_With_Citation,6,3.197,66.26,High
100360,Business,Sophomore,3.089,27.87,Ideation,Advanced,5,True,20.49,9,Strict_Ban,10,3.182,80.8,High
100361,Humanities,Junior,3.046,21.76,Copywriting/Drafting,Beginner,3,False,9.74,6,Actively_Encouraged,4,3.229,76.52,Medium
100362,Business,Junior,3.392,2.73,Ideation,Beginner,1,True,14.06,3,Allowed_With_Citation,1,3.667,100,Low
100363,Humanities,Sophomore,2.589,8.71,Debugging/Troubleshooting,Intermediate,2,True,16.35,4,Actively_Encouraged,4,2.906,54.32,High
100364,Business,Senior,2.868,35.34,Ideation,Intermediate,3,True,4.44,9,Actively_Encouraged,8,3.055,71.27,High
100365,Medical,Junior,3.388,7.96,Summarizing_Reading,Beginner,2,True,14.83,6,Strict_Ban,5,3.608,75.27,Medium
100366,Humanities,Junior,3.711,2.81,Copywriting/Drafting,Beginner,3,False,10.41,5,Allowed_With_Citation,5,3.903,79.8,Medium
100367,Medical,Freshman,2.404,4.59,Direct_Answer_Generation,Advanced,4,True,7.32,4,Allowed_With_Citation,6,2.494,75.01,Medium
100368,Medical,Graduate,3.312,12.35,Summarizing_Reading,Advanced,3,True,14.55,8,Allowed_With_Citation,4,3.774,84.58,High
100369,STEM,Sophomore,3.479,5.67,Debugging/Troubleshooting,Beginner,3,True,13.46,4,Allowed_With_Citation,5,3.687,75.45,High
100370,STEM,Junior,3.219,7.67,Debugging/Troubleshooting,Advanced,4,True,1,6,Strict_Ban,4,3.576,69.86,High
100371,STEM,Sophomore,3.678,2.72,Direct_Answer_Generation,Advanced,4,False,13.99,2,Strict_Ban,3,3.759,89.21,Low
100372,STEM,Graduate,3.832,0.68,Debugging/Troubleshooting,Beginner,1,False,14.35,1,Allowed_With_Citation,3,4,90.72,Low
100373,STEM,Graduate,3.199,1.85,Debugging/Troubleshooting,Advanced,4,True,6.68,1,Actively_Encouraged,2,3.603,83.61,Medium
100374,Business,Sophomore,3.807,24.8,Ideation,Intermediate,3,True,10.25,5,Actively_Encouraged,3,4,61.82,High
100375,STEM,Senior,2.337,7.19,Debugging/Troubleshooting,Advanced,3,False,18.91,4,Actively_Encouraged,1,2.768,100,High
100376,Humanities,Freshman,3.302,11.65,Copywriting/Drafting,Intermediate,4,True,6.45,2,Allowed_With_Citation,4,3.233,63.22,High
100377,Arts,Freshman,3.197,15.96,Copywriting/Drafting,Advanced,4,False,13.3,5,Allowed_With_Citation,4,3.332,76.39,Low
100378,STEM,Senior,3.451,2.87,Debugging/Troubleshooting,Advanced,4,False,8.02,2,Strict_Ban,4,3.608,85.8,Low
100379,Arts,Freshman,2.722,1.03,Direct_Answer_Generation,Beginner,1,True,17.56,3,Actively_Encouraged,4,2.704,68.26,Low
100380,STEM,Freshman,2.808,7.85,Debugging/Troubleshooting,Intermediate,5,True,8.17,5,Allowed_With_Citation,5,2.854,61.94,Medium
100381,STEM,Junior,2.24,33.26,Debugging/Troubleshooting,Intermediate,1,False,13.58,7,Allowed_With_Citation,4,2.454,65.19,High
100382,Business,Senior,3.609,1.98,Ideation,Intermediate,1,False,16.19,1,Actively_Encouraged,5,4,91.91,Low
100383,Business,Freshman,2.937,2.3,Ideation,Advanced,5,False,3.49,5,Strict_Ban,3,3.022,82.15,High
100384,Medical,Freshman,2.14,12.68,Summarizing_Reading,Intermediate,5,True,12.46,3,Allowed_With_Citation,3,2.325,65.38,Medium
100385,Business,Freshman,2.867,13.92,Debugging/Troubleshooting,Beginner,3,False,1.71,6,Actively_Encouraged,3,2.83,70.62,Low
100386,Arts,Freshman,3.176,2.62,Ideation,Beginner,2,True,11.62,2,Allowed_With_Citation,1,3.298,74.85,Medium
100387,STEM,Freshman,3.577,4.82,Direct_Answer_Generation,Intermediate,4,True,14.43,2,Actively_Encouraged,4,3.993,89.82,Low
100388,STEM,Graduate,3.282,12.15,Direct_Answer_Generation,Intermediate,1,True,17.22,3,Strict_Ban,3,3.598,83.47,Medium
100389,Arts,Freshman,3.135,1.76,Copywriting/Drafting,Beginner,2,True,14.31,1,Actively_Encouraged,2,3.285,72.23,Low
100390,Arts,Junior,3.154,9.15,Copywriting/Drafting,Intermediate,4,False,11.02,3,Strict_Ban,5,3.309,63.96,Medium
100391,Medical,Graduate,2.416,5.96,Direct_Answer_Generation,Intermediate,3,False,13.59,4,Strict_Ban,4,2.545,86.1,Medium
100392,Humanities,Junior,3.513,4.97,Direct_Answer_Generation,Advanced,3,False,14.34,3,Actively_Encouraged,5,3.533,100,High
100393,Humanities,Freshman,3.125,9.24,Debugging/Troubleshooting,Beginner,3,False,8.39,3,Allowed_With_Citation,7,3.607,85,Medium
100394,Arts,Junior,3.269,0.86,Copywriting/Drafting,Beginner,2,False,10.3,1,Actively_Encouraged,4,3.518,50.58,Low
100395,Humanities,Graduate,3.421,1.25,Copywriting/Drafting,Beginner,1,True,14.07,5,Strict_Ban,4,3.397,82.27,Medium
100396,Medical,Sophomore,3.217,13.42,Copywriting/Drafting,Advanced,3,True,11.75,4,Allowed_With_Citation,7,3.498,80.63,High
100397,Arts,Sophomore,3.966,8.84,Debugging/Troubleshooting,Intermediate,2,False,13.04,5,Allowed_With_Citation,8,4,87.89,High
100398,Humanities,Sophomore,3.462,34,Summarizing_Reading,Beginner,3,True,4.65,5,Strict_Ban,9,3.536,60.34,High
100399,Arts,Junior,2.04,23.92,Debugging/Troubleshooting,Intermediate,4,True,11.19,5,Allowed_With_Citation,6,2.449,77.62,High
100400,Arts,Sophomore,2.886,11.08,Copywriting/Drafting,Beginner,2,False,7.89,6,Actively_Encouraged,4,2.999,56.25,High
100401,STEM,Senior,2.962,5.6,Summarizing_Reading,Advanced,3,False,13.31,1,Allowed_With_Citation,2,3.313,93.75,Low
100402,Medical,Senior,3.382,14.38,Copywriting/Drafting,Advanced,3,False,1,4,Allowed_With_Citation,6,3.438,92.49,High
100403,Business,Sophomore,2.356,24.2,Copywriting/Drafting,Beginner,3,True,7.1,4,Allowed_With_Citation,6,2.858,45.37,Medium
100404,Arts,Senior,3.382,12.02,Copywriting/Drafting,Beginner,1,True,15.55,4,Actively_Encouraged,5,3.933,80.62,Medium
100405,Humanities,Freshman,2.313,3.21,Direct_Answer_Generation,Beginner,3,False,8.62,3,Actively_Encouraged,3,2.709,54.93,Medium
100406,Medical,Senior,2.554,6.65,Debugging/Troubleshooting,Beginner,1,False,10.74,6,Strict_Ban,6,2.777,84.58,Medium
100407,Humanities,Junior,3.549,2.51,Copywriting/Drafting,Beginner,3,False,2.65,3,Allowed_With_Citation,6,3.658,53.56,Medium
100408,STEM,Junior,3.548,21.32,Debugging/Troubleshooting,Advanced,4,False,14.03,6,Actively_Encouraged,4,3.984,71.44,High
100409,Medical,Freshman,3.838,0.75,Summarizing_Reading,Beginner,3,True,9.57,1,Allowed_With_Citation,3,3.879,95.15,Low
100410,STEM,Junior,2.036,30.41,Debugging/Troubleshooting,Advanced,3,True,16.22,5,Actively_Encouraged,4,2.749,65.48,High
100411,Humanities,Junior,2.774,1.93,Copywriting/Drafting,Beginner,2,False,13.29,4,Strict_Ban,6,3.056,60.14,Medium
100412,Medical,Junior,3.09,3.43,Direct_Answer_Generation,Advanced,5,False,22.1,3,Allowed_With_Citation,4,3.349,64.69,Low
100413,Medical,Sophomore,3.095,3.95,Ideation,Advanced,3,False,15.47,5,Strict_Ban,3,3.248,100,Medium
100414,Business,Freshman,3.657,20.05,Ideation,Intermediate,3,True,15.33,5,Actively_Encouraged,1,4,74.39,High
100415,Business,Junior,3.539,35.87,Ideation,Intermediate,1,True,16.21,5,Allowed_With_Citation,8,3.761,76.53,High
100416,Humanities,Sophomore,3.154,1.19,Debugging/Troubleshooting,Intermediate,3,True,12.75,3,Allowed_With_Citation,6,3.277,75.59,Low
100417,STEM,Junior,3.072,27.04,Summarizing_Reading,Beginner,2,True,6.97,4,Strict_Ban,5,3.431,56.31,High
100418,Humanities,Junior,3.327,13.03,Copywriting/Drafting,Beginner,3,True,19.22,4,Allowed_With_Citation,5,3.677,65.01,Medium
100419,Business,Sophomore,2.852,10.3,Ideation,Beginner,3,True,8.87,4,Actively_Encouraged,5,2.98,50.93,Medium
100420,Arts,Sophomore,3.222,0.19,Summarizing_Reading,Intermediate,5,True,8.55,4,Strict_Ban,4,3.329,59.91,Medium
100421,Arts,Junior,3.522,5.42,Debugging/Troubleshooting,Beginner,2,False,8.6,4,Actively_Encouraged,3,3.814,74.13,Medium
100422,Arts,Junior,3.419,9.65,Copywriting/Drafting,Advanced,4,True,14.15,5,Allowed_With_Citation,4,3.901,95.15,Medium
100423,STEM,Junior,3.536,9.4,Copywriting/Drafting,Advanced,5,False,7.76,6,Allowed_With_Citation,6,3.908,83.95,Medium
100424,Humanities,Graduate,3.208,22.74,Summarizing_Reading,Beginner,2,True,5.67,3,Strict_Ban,9,3.309,49.36,High
100425,STEM,Senior,2.7,6.48,Copywriting/Drafting,Beginner,2,False,9.4,3,Allowed_With_Citation,4,2.982,77.84,Low
100426,Business,Freshman,3.7,0.87,Debugging/Troubleshooting,Intermediate,2,True,15.9,3,Strict_Ban,4,3.897,67.96,High
100427,Humanities,Junior,2.59,1.51,Summarizing_Reading,Intermediate,4,False,6.18,5,Allowed_With_Citation,4,2.636,67,Low
100428,Medical,Sophomore,3.255,24.1,Debugging/Troubleshooting,Beginner,2,True,13.11,5,Allowed_With_Citation,8,3.506,50.45,High
100429,Humanities,Sophomore,3.485,0.5,Copywriting/Drafting,Intermediate,2,False,5.06,1,Actively_Encouraged,2,3.499,54.9,Low
100430,STEM,Graduate,2.587,10.91,Ideation,Beginner,1,False,16.21,3,Strict_Ban,5,2.634,56.47,High
100431,STEM,Junior,3.615,10.74,Ideation,Advanced,4,True,11.84,4,Allowed_With_Citation,5,4,72.92,Medium
100432,Arts,Senior,3.528,4.96,Copywriting/Drafting,Advanced,3,False,18.38,5,Strict_Ban,7,3.666,82.27,Low
100433,Business,Graduate,3.741,40,Copywriting/Drafting,Beginner,3,False,10.03,9,Allowed_With_Citation,6,3.84,87.04,High
100434,STEM,Freshman,3.123,0.52,Ideation,Intermediate,3,False,7.77,3,Allowed_With_Citation,1,3.003,83.55,Low
100435,STEM,Freshman,3.547,19.83,Summarizing_Reading,Intermediate,3,True,4.36,4,Strict_Ban,6,3.473,89.44,High
100436,Business,Sophomore,2.357,0.79,Ideation,Advanced,5,True,1.2,2,Allowed_With_Citation,2,2.541,85.07,Low
100437,STEM,Freshman,3.222,14.46,Debugging/Troubleshooting,Advanced,3,False,11.37,2,Allowed_With_Citation,3,3.435,100,Medium
100438,Arts,Freshman,3.006,2.29,Ideation,Beginner,2,True,7.82,1,Allowed_With_Citation,2,3.021,68.55,Medium
100439,Business,Graduate,3.086,21.41,Debugging/Troubleshooting,Intermediate,5,True,10.72,6,Allowed_With_Citation,4,3.191,81.04,High
100440,STEM,Graduate,3.767,6.21,Copywriting/Drafting,Advanced,4,False,18.78,2,Allowed_With_Citation,1,4,50.8,High
100441,STEM,Senior,2.601,32.96,Ideation,Advanced,3,True,21.07,6,Strict_Ban,7,3.043,67.04,High
100442,Medical,Senior,3.254,1.35,Debugging/Troubleshooting,Intermediate,2,False,13.09,3,Allowed_With_Citation,6,3.497,74.97,Medium
100443,Humanities,Freshman,3.498,9.74,Copywriting/Drafting,Beginner,3,False,20.2,4,Allowed_With_Citation,5,3.985,70.1,Low
100444,Humanities,Junior,1.666,2.22,Copywriting/Drafting,Intermediate,2,True,4.7,5,Actively_Encouraged,2,1.857,57.69,Low
100445,Arts,Freshman,3.585,6.84,Debugging/Troubleshooting,Advanced,3,False,11.89,3,Allowed_With_Citation,4,3.862,93.1,Medium
100446,Medical,Sophomore,2.756,10.18,Copywriting/Drafting,Advanced,3,False,7.65,3,Allowed_With_Citation,6,2.712,83.36,Low
100447,Medical,Sophomore,2.113,12.12,Summarizing_Reading,Advanced,3,False,19.39,3,Allowed_With_Citation,6,2.52,94.84,Low
100448,Arts,Junior,3.16,6.12,Ideation,Advanced,3,False,3.92,3,Actively_Encouraged,6,3.352,83.55,Medium
100449,Humanities,Freshman,3.675,0.1,Debugging/Troubleshooting,Beginner,3,True,11.15,2,Allowed_With_Citation,6,3.598,50.77,Low
100450,STEM,Freshman,3.525,1.13,Debugging/Troubleshooting,Intermediate,1,True,20.22,4,Actively_Encouraged,6,3.833,93.09,Medium
100451,Arts,Junior,3.459,2.26,Copywriting/Drafting,Intermediate,5,False,14.33,1,Allowed_With_Citation,5,3.436,60.82,Medium
100452,Business,Junior,3.495,2.91,Direct_Answer_Generation,Advanced,3,True,1.36,2,Allowed_With_Citation,5,3.702,75.28,Medium
100453,Humanities,Sophomore,3.343,7.81,Direct_Answer_Generation,Intermediate,4,True,11.67,3,Allowed_With_Citation,4,3.291,98.75,Low
100454,Medical,Freshman,3.18,0.67,Summarizing_Reading,Advanced,3,False,8.44,5,Actively_Encouraged,2,3.062,86.48,Medium
100455,STEM,Graduate,3.211,6.08,Ideation,Advanced,4,False,15.85,1,Allowed_With_Citation,7,3.604,87.71,High
100456,Humanities,Freshman,3.346,2.54,Ideation,Advanced,4,False,10.17,4,Allowed_With_Citation,1,3.729,71.97,Low
100457,STEM,Senior,3.705,17.5,Copywriting/Drafting,Intermediate,4,True,7.27,6,Strict_Ban,8,3.646,94.39,High
100458,Humanities,Freshman,1.884,9.31,Debugging/Troubleshooting,Beginner,3,False,3.4,1,Actively_Encouraged,1,2.019,69.28,High
100459,STEM,Junior,3.269,19.65,Copywriting/Drafting,Intermediate,3,True,2.98,5,Strict_Ban,10,3.448,66.22,High
100460,STEM,Senior,2.641,4.45,Debugging/Troubleshooting,Beginner,3,False,14.69,2,Actively_Encouraged,1,2.826,98.41,High
100461,STEM,Senior,3.377,40,Copywriting/Drafting,Advanced,3,True,6.17,7,Allowed_With_Citation,3,3.736,92.03,High
100462,Business,Sophomore,3.001,9.64,Ideation,Beginner,1,False,11.05,1,Actively_Encouraged,8,3.218,77.56,Low
100463,Business,Freshman,3.393,3.59,Copywriting/Drafting,Advanced,5,True,17.59,3,Allowed_With_Citation,5,3.366,93.31,Low
100464,Business,Senior,3.056,4.86,Debugging/Troubleshooting,Intermediate,2,False,6.97,4,Allowed_With_Citation,5,3.412,100,Low
100465,Medical,Junior,2.388,7.65,Direct_Answer_Generation,Advanced,4,True,7.48,4,Actively_Encouraged,1,2.568,88.47,High
100466,Humanities,Senior,3.054,1.06,Ideation,Intermediate,2,False,17.33,4,Strict_Ban,4,3.287,89.28,Medium
100467,STEM,Senior,2.792,11.98,Debugging/Troubleshooting,Intermediate,1,False,17.23,5,Strict_Ban,6,2.94,75.15,Medium
100468,Arts,Junior,3.01,1.46,Copywriting/Drafting,Beginner,2,False,3.03,2,Allowed_With_Citation,5,3.057,72.05,Medium
100469,STEM,Graduate,2.343,18.38,Debugging/Troubleshooting,Beginner,3,True,13.86,6,Allowed_With_Citation,3,2.321,80.7,High
100470,Medical,Junior,3.116,3.53,Copywriting/Drafting,Intermediate,3,False,13.38,6,Actively_Encouraged,2,3.263,67.99,High
100471,STEM,Senior,2.874,23.26,Ideation,Beginner,1,True,17.67,6,Allowed_With_Citation,4,3.375,84.04,High
100472,Medical,Senior,3.272,6.87,Debugging/Troubleshooting,Intermediate,5,True,7.79,1,Strict_Ban,4,3.543,85.71,Medium
100473,STEM,Junior,3.751,2.1,Debugging/Troubleshooting,Beginner,2,True,11.26,2,Allowed_With_Citation,6,3.902,93.14,Low
100474,Medical,Junior,3.592,0.46,Debugging/Troubleshooting,Beginner,1,False,8.11,1,Actively_Encouraged,2,3.298,69.97,Low
100475,Business,Senior,2.759,9.92,Debugging/Troubleshooting,Beginner,2,False,11.33,2,Allowed_With_Citation,3,3.065,79.69,Low
100476,Medical,Junior,3.963,3.85,Direct_Answer_Generation,Beginner,2,True,7.58,5,Actively_Encouraged,3,4,60.51,Medium
100477,STEM,Junior,3.476,3.15,Debugging/Troubleshooting,Intermediate,2,False,11.22,3,Actively_Encouraged,1,3.746,78.48,Low
100478,Business,Senior,3.369,13.28,Ideation,Intermediate,3,False,4.85,6,Allowed_With_Citation,1,3.817,68.49,Medium
100479,Medical,Freshman,2.73,9.24,Summarizing_Reading,Intermediate,1,False,1,4,Allowed_With_Citation,4,2.576,83.45,High
100480,Business,Freshman,3.119,1.9,Copywriting/Drafting,Advanced,3,False,6.86,1,Allowed_With_Citation,6,3.268,51.23,Medium
100481,Business,Freshman,3.297,4.1,Summarizing_Reading,Intermediate,3,True,16.34,4,Strict_Ban,6,3.494,70.97,Low
100482,Business,Junior,3.62,6.14,Summarizing_Reading,Advanced,4,True,9.03,1,Strict_Ban,3,3.882,79.45,Low
100483,Humanities,Graduate,3.525,0.84,Summarizing_Reading,Beginner,1,False,5.6,2,Strict_Ban,4,3.665,81.43,Medium
100484,Business,Senior,3.581,3.76,Debugging/Troubleshooting,Beginner,3,False,19.86,3,Actively_Encouraged,4,4,72.16,Low
100485,Business,Graduate,3.624,4.7,Debugging/Troubleshooting,Beginner,3,False,17.31,5,Strict_Ban,6,4,73.92,Medium
100486,Medical,Freshman,3.912,24.31,Summarizing_Reading,Advanced,3,True,1,8,Allowed_With_Citation,5,4,87.42,High
100487,STEM,Senior,2.411,9.2,Ideation,Beginner,1,True,20.59,3,Actively_Encouraged,4,2.576,68.24,Medium
100488,STEM,Sophomore,3.084,0.3,Copywriting/Drafting,Advanced,5,False,3.16,2,Strict_Ban,3,2.995,63.43,Medium
100489,Medical,Freshman,3.336,25.56,Summarizing_Reading,Advanced,4,False,16.86,5,Allowed_With_Citation,5,3.518,53.11,High
100490,Medical,Senior,2.732,7.58,Copywriting/Drafting,Intermediate,2,True,12.44,4,Strict_Ban,5,3.05,74.62,Medium
100491,Humanities,Freshman,3.468,1.1,Summarizing_Reading,Beginner,1,False,18.14,2,Strict_Ban,3,3.987,71.58,Low
100492,Business,Freshman,3.685,14.92,Debugging/Troubleshooting,Beginner,2,False,1.28,6,Strict_Ban,4,3.699,50.71,High
100493,STEM,Sophomore,2.988,31.2,Direct_Answer_Generation,Intermediate,3,True,4.52,8,Allowed_With_Citation,6,2.539,38.81,High
100494,STEM,Senior,3.647,10.68,Debugging/Troubleshooting,Beginner,3,False,10,1,Allowed_With_Citation,6,3.713,88.14,Medium
100495,Humanities,Junior,3.575,20.45,Ideation,Advanced,3,True,24.91,4,Allowed_With_Citation,3,4,67.51,Medium
100496,Humanities,Sophomore,3.162,5.02,Copywriting/Drafting,Beginner,2,False,5.24,3,Actively_Encouraged,3,3.261,79.9,Medium
100497,Business,Freshman,3.411,0.46,Copywriting/Drafting,Intermediate,2,False,6.95,2,Actively_Encouraged,2,3.242,69.79,Medium
100498,STEM,Freshman,3.827,5.12,Debugging/Troubleshooting,Beginner,3,False,8.46,1,Strict_Ban,8,3.829,80.94,Low
100499,Medical,Freshman,3.469,10.8,Summarizing_Reading,Advanced,4,True,7.64,3,Strict_Ban,6,3.307,77.39,Medium
100500,Medical,Graduate,2.632,11.74,Debugging/Troubleshooting,Advanced,3,False,8.45,5,Actively_Encouraged,4,3.201,79.44,Medium
100501,Business,Graduate,3.245,8.44,Summarizing_Reading,Beginner,2,True,9.37,4,Strict_Ban,2,3.474,80.31,Medium
100502,Business,Graduate,3.497,1.55,Ideation,Beginner,3,True,14.48,4,Strict_Ban,6,3.99,92.68,Medium
100503,Humanities,Senior,2.693,1.51,Copywriting/Drafting,Advanced,3,False,7.94,2,Strict_Ban,1,3.012,95.61,Low
100504,Arts,Graduate,3.765,1.88,Copywriting/Drafting,Beginner,2,False,4.88,4,Actively_Encouraged,4,4,77.86,Medium
100505,Business,Senior,1.941,0.59,Copywriting/Drafting,Beginner,2,True,10.38,1,Strict_Ban,4,2.072,63.26,Medium
100506,STEM,Graduate,3.464,27.97,Debugging/Troubleshooting,Intermediate,3,True,10.89,7,Actively_Encouraged,4,3.793,60.72,High
100507,Medical,Senior,2.875,3.36,Summarizing_Reading,Advanced,4,False,15.83,5,Allowed_With_Citation,2,3.166,88.53,Medium
100508,Arts,Junior,3.326,1.31,Summarizing_Reading,Advanced,3,True,8.56,3,Actively_Encouraged,8,3.466,82.67,Medium
100509,Medical,Sophomore,1.793,10.81,Debugging/Troubleshooting,Intermediate,1,True,7.36,4,Actively_Encouraged,5,1.746,82.63,Low
100510,Business,Junior,3.683,17.74,Summarizing_Reading,Intermediate,4,True,18.91,6,Actively_Encouraged,7,4,74.63,Medium
100511,Business,Junior,1.979,4.07,Ideation,Beginner,1,True,9.57,1,Actively_Encouraged,4,2.304,69.81,Medium
100512,Humanities,Junior,3.319,0.68,Ideation,Beginner,1,False,13.58,1,Allowed_With_Citation,1,3.575,81.82,Medium
100513,Medical,Senior,2.902,7.83,Debugging/Troubleshooting,Beginner,3,False,10.61,2,Allowed_With_Citation,3,3.372,66.52,Medium
100514,Arts,Senior,3.572,1.81,Copywriting/Drafting,Beginner,2,False,5.36,3,Strict_Ban,2,3.611,69.83,Low
100515,STEM,Freshman,2.515,6.87,Ideation,Intermediate,3,False,9.15,5,Strict_Ban,1,2.519,77.48,Medium
100516,STEM,Sophomore,3.373,4.76,Direct_Answer_Generation,Intermediate,3,False,12.74,1,Actively_Encouraged,3,3.48,77.69,Low
100517,Humanities,Graduate,2.702,0.92,Copywriting/Drafting,Advanced,4,True,19.84,2,Allowed_With_Citation,2,3.106,100,Medium
100518,Arts,Junior,3.154,1.32,Copywriting/Drafting,Intermediate,5,False,7.84,4,Allowed_With_Citation,5,3.103,73.19,Medium
100519,Medical,Sophomore,2.457,26.89,Debugging/Troubleshooting,Advanced,4,True,12.26,4,Allowed_With_Citation,3,3.053,88.93,Medium
100520,STEM,Graduate,3.105,6.97,Summarizing_Reading,Intermediate,1,True,9,4,Actively_Encouraged,6,3.284,77.51,High
100521,Business,Sophomore,3.552,26.78,Copywriting/Drafting,Beginner,2,False,15.39,8,Strict_Ban,9,3.496,60.37,High
100522,Humanities,Sophomore,3.059,2.78,Ideation,Intermediate,1,False,13.63,2,Allowed_With_Citation,2,3.323,84.7,Medium
100523,Medical,Sophomore,3.408,6.77,Summarizing_Reading,Beginner,3,False,11.18,4,Allowed_With_Citation,1,3.594,72.82,Medium
100524,Arts,Graduate,3.598,13.68,Copywriting/Drafting,Intermediate,3,True,12.86,5,Actively_Encouraged,5,3.857,94.69,High
100525,Arts,Senior,2.492,0.28,Copywriting/Drafting,Advanced,4,False,1.14,2,Actively_Encouraged,4,2.442,74.58,Medium
100526,Humanities,Junior,3.948,2.75,Copywriting/Drafting,Beginner,2,False,4.21,3,Strict_Ban,5,4,56.25,Low
100527,Humanities,Graduate,2.959,8.82,Direct_Answer_Generation,Intermediate,3,False,7.11,5,Actively_Encouraged,7,2.976,62.25,High
100528,STEM,Graduate,2.417,3.16,Debugging/Troubleshooting,Beginner,2,False,11.76,5,Actively_Encouraged,3,2.421,79.57,High
100529,STEM,Senior,2.819,24.32,Debugging/Troubleshooting,Intermediate,1,True,10.44,5,Actively_Encouraged,5,2.917,63.29,High
100530,Arts,Graduate,2.049,4.47,Ideation,Advanced,4,False,13.99,4,Strict_Ban,3,2.163,89.84,Medium
100531,Arts,Senior,3.674,7.95,Copywriting/Drafting,Intermediate,3,True,10.7,4,Strict_Ban,1,3.912,87.06,Low
100532,Medical,Junior,3.307,11.57,Summarizing_Reading,Intermediate,2,True,8.38,1,Allowed_With_Citation,6,3.626,61.24,Medium
100533,Medical,Junior,2.675,4.31,Direct_Answer_Generation,Beginner,2,False,10.32,4,Strict_Ban,3,2.991,56.6,Low
100534,Business,Sophomore,3.508,21.41,Direct_Answer_Generation,Intermediate,4,False,1,7,Allowed_With_Citation,7,3.007,75.91,High
100535,Arts,Freshman,3.393,2.2,Summarizing_Reading,Beginner,2,False,14.84,1,Allowed_With_Citation,4,3.554,74.42,Medium
100536,Medical,Senior,3.308,4.96,Summarizing_Reading,Advanced,3,False,12.87,2,Allowed_With_Citation,5,3.519,94.48,Low
100537,Arts,Freshman,2.847,1.63,Direct_Answer_Generation,Beginner,2,False,8.73,4,Allowed_With_Citation,3,2.861,70.28,Low
100538,STEM,Sophomore,3.572,2.68,Debugging/Troubleshooting,Intermediate,2,True,20.05,3,Allowed_With_Citation,6,3.878,71,Low
100539,Humanities,Sophomore,2.247,4.61,Copywriting/Drafting,Intermediate,3,False,17.36,3,Allowed_With_Citation,6,2.442,64.97,Medium
100540,STEM,Junior,3.6,16.98,Direct_Answer_Generation,Intermediate,2,False,8.43,5,Actively_Encouraged,4,3.548,75.96,Medium
100541,Medical,Sophomore,2.953,17.3,Summarizing_Reading,Intermediate,2,True,4.11,6,Allowed_With_Citation,4,3.221,80.75,Medium
100542,Business,Senior,3.553,1.46,Ideation,Beginner,3,True,16.31,4,Actively_Encouraged,6,4,96.56,Medium
100543,STEM,Graduate,3.228,5.02,Debugging/Troubleshooting,Advanced,3,False,14.34,2,Allowed_With_Citation,2,3.911,94.55,Medium
100544,Business,Graduate,3.224,25.99,Summarizing_Reading,Beginner,3,True,13.87,8,Allowed_With_Citation,5,3.593,74.33,High
100545,Business,Junior,3.255,1.05,Copywriting/Drafting,Beginner,2,False,14.75,2,Allowed_With_Citation,3,3.514,63.37,High
100546,Humanities,Graduate,2.765,11.26,Summarizing_Reading,Intermediate,5,False,10.46,2,Strict_Ban,7,2.488,96.65,High
100547,STEM,Sophomore,3.128,4.78,Ideation,Intermediate,4,False,10.22,5,Allowed_With_Citation,2,3.155,64.51,Medium
100548,Business,Junior,2.704,2.31,Ideation,Beginner,2,True,11.3,3,Allowed_With_Citation,1,2.672,64.6,Low
100549,Business,Sophomore,3.126,3.22,Ideation,Advanced,5,True,22.73,3,Allowed_With_Citation,4,3.718,85.38,Medium
100550,Arts,Graduate,2.593,7.81,Copywriting/Drafting,Intermediate,2,False,9.21,3,Allowed_With_Citation,3,2.841,80.42,High
100551,Business,Freshman,2.802,10.93,Ideation,Beginner,2,False,7.01,2,Allowed_With_Citation,4,2.857,53.97,Medium
100552,Arts,Junior,3.564,1.86,Copywriting/Drafting,Intermediate,2,True,16.46,4,Allowed_With_Citation,1,3.921,72.23,High
100553,Business,Senior,3.387,7.39,Debugging/Troubleshooting,Advanced,5,True,19.15,3,Strict_Ban,5,3.986,97.7,Low
100554,Business,Junior,3.103,0.52,Debugging/Troubleshooting,Advanced,5,True,7.69,1,Allowed_With_Citation,6,3.684,78.04,Medium
100555,Medical,Freshman,2.794,19.12,Summarizing_Reading,Advanced,3,False,1.2,8,Actively_Encouraged,3,2.856,59.54,Low
100556,Humanities,Junior,3.22,5.29,Copywriting/Drafting,Advanced,3,True,11.25,2,Strict_Ban,7,3.661,95.71,High
100557,STEM,Senior,2.741,40,Debugging/Troubleshooting,Beginner,3,True,12.49,10,Allowed_With_Citation,8,3.095,70.23,High
100558,STEM,Freshman,2.399,1.6,Copywriting/Drafting,Intermediate,2,False,19.36,3,Allowed_With_Citation,4,2.458,81.56,Medium
100559,Arts,Senior,2.496,4.35,Ideation,Intermediate,3,True,10.04,3,Allowed_With_Citation,2,2.902,80.77,Medium
100560,Business,Graduate,3.67,6.33,Summarizing_Reading,Intermediate,1,True,17.04,3,Actively_Encouraged,6,3.925,84.68,High
100561,Business,Graduate,3.648,4.5,Direct_Answer_Generation,Advanced,4,True,14.93,3,Allowed_With_Citation,4,3.806,89.3,Medium
100562,STEM,Sophomore,3.176,11.31,Direct_Answer_Generation,Intermediate,1,True,17.12,3,Allowed_With_Citation,2,3.627,76.2,Medium
100563,STEM,Freshman,2.926,6.68,Direct_Answer_Generation,Beginner,2,False,9.26,5,Allowed_With_Citation,6,3.193,77.36,Low
100564,STEM,Sophomore,2.758,9.96,Debugging/Troubleshooting,Advanced,3,True,10.82,3,Allowed_With_Citation,3,3.341,78.94,High
100565,Humanities,Senior,3.143,20.04,Summarizing_Reading,Advanced,4,True,14.03,2,Allowed_With_Citation,4,3.553,83.45,Medium
100566,Business,Graduate,3.466,5.65,Ideation,Intermediate,2,False,9.57,5,Strict_Ban,1,3.999,55.57,Medium
100567,Humanities,Graduate,3.295,13.22,Ideation,Advanced,5,False,13.57,4,Actively_Encouraged,4,3.395,89.07,Medium
100568,Humanities,Graduate,2.903,2.93,Copywriting/Drafting,Advanced,3,False,8.91,2,Actively_Encouraged,6,2.838,63.56,Medium
100569,Medical,Senior,2.887,2.17,Debugging/Troubleshooting,Intermediate,2,False,14.06,3,Strict_Ban,7,3.22,63.84,Low
100570,Humanities,Senior,3.714,1.05,Debugging/Troubleshooting,Beginner,1,True,17.46,1,Allowed_With_Citation,4,3.901,82.3,Low
100571,Business,Freshman,3.114,8.21,Direct_Answer_Generation,Beginner,1,False,10.61,4,Actively_Encouraged,2,3.049,68.1,Low
100572,Arts,Sophomore,3.611,0.16,Copywriting/Drafting,Advanced,4,False,8.1,4,Strict_Ban,7,3.96,81.72,Medium
100573,Humanities,Graduate,2.134,0.93,Copywriting/Drafting,Beginner,3,False,7.7,1,Actively_Encouraged,6,2.108,57.84,Medium
100574,Business,Senior,3.267,13.69,Ideation,Beginner,3,False,13.47,2,Allowed_With_Citation,4,3.792,99.33,Medium
100575,Arts,Junior,3.758,11.52,Direct_Answer_Generation,Advanced,4,False,22.34,6,Allowed_With_Citation,7,4,100,High
100576,Medical,Freshman,3.478,0.08,Debugging/Troubleshooting,Beginner,3,False,9.88,2,Actively_Encouraged,4,3.729,57.38,Medium
100577,STEM,Sophomore,2.423,33.38,Debugging/Troubleshooting,Beginner,2,True,15.5,9,Strict_Ban,10,2.853,71,High
100578,Medical,Junior,3.862,4.87,Summarizing_Reading,Advanced,5,True,14.92,1,Strict_Ban,6,3.837,80.53,Low
100579,Humanities,Graduate,3.607,2.44,Copywriting/Drafting,Advanced,5,False,2.1,5,Allowed_With_Citation,4,3.731,91.56,High
100580,STEM,Freshman,2.694,9.82,Copywriting/Drafting,Advanced,3,True,19.53,3,Allowed_With_Citation,4,3.067,61.9,Medium
100581,Humanities,Freshman,2.751,1.7,Copywriting/Drafting,Advanced,5,True,1,2,Strict_Ban,2,2.884,81.22,Medium
100582,Medical,Senior,2.592,0.88,Summarizing_Reading,Beginner,3,True,17.17,3,Allowed_With_Citation,3,2.882,71.94,Medium
100583,Humanities,Sophomore,2.945,14.35,Copywriting/Drafting,Advanced,3,False,17.4,2,Actively_Encouraged,3,3.379,98.6,Medium
100584,Humanities,Freshman,3.036,0.85,Copywriting/Drafting,Intermediate,2,False,14.69,1,Allowed_With_Citation,3,3.141,93.5,Low
100585,Business,Freshman,3.135,3.44,Summarizing_Reading,Intermediate,2,True,11.75,4,Actively_Encouraged,1,3.345,68.1,Medium
100586,STEM,Junior,2.873,13.52,Debugging/Troubleshooting,Intermediate,2,True,7,3,Actively_Encouraged,6,2.993,76.08,High
100587,STEM,Junior,3.832,29.44,Direct_Answer_Generation,Intermediate,1,False,17.4,8,Actively_Encouraged,10,3.795,58.92,High
100588,STEM,Graduate,3.451,1.03,Ideation,Advanced,5,True,9.23,3,Allowed_With_Citation,6,3.761,75.29,Low
100589,STEM,Junior,3.494,12.67,Debugging/Troubleshooting,Intermediate,2,False,12.66,3,Strict_Ban,6,3.706,86.72,Medium
100590,STEM,Senior,2.03,11.69,Copywriting/Drafting,Advanced,5,False,9.37,3,Actively_Encouraged,6,2.379,73.28,Low
100591,STEM,Freshman,2.498,3.32,Debugging/Troubleshooting,Intermediate,3,True,12.91,4,Actively_Encouraged,5,2.58,76.11,Low
100592,Business,Senior,2.782,17.71,Ideation,Beginner,3,True,7.26,7,Actively_Encouraged,5,3.132,74.17,High
100593,STEM,Senior,3.524,5.92,Debugging/Troubleshooting,Intermediate,1,True,10.59,4,Allowed_With_Citation,3,3.96,75.25,Low
100594,Humanities,Freshman,2.426,1.96,Direct_Answer_Generation,Intermediate,4,False,8.22,3,Strict_Ban,5,2.413,83.07,Medium
100595,Medical,Senior,3.42,5.58,Debugging/Troubleshooting,Advanced,3,False,15.01,2,Allowed_With_Citation,4,3.815,98.12,Medium
100596,Humanities,Freshman,2.327,1.73,Copywriting/Drafting,Beginner,2,False,20.93,2,Actively_Encouraged,4,2.554,83.95,Low
100597,Business,Junior,3.215,9.47,Ideation,Advanced,3,False,5.85,3,Allowed_With_Citation,4,3.15,87.07,Low
100598,STEM,Senior,2.671,2.41,Summarizing_Reading,Beginner,2,True,1.97,2,Strict_Ban,2,2.702,69.78,High
100599,STEM,Senior,3.757,20.74,Direct_Answer_Generation,Advanced,4,True,15.23,4,Strict_Ban,5,3.698,83.05,High
100600,STEM,Graduate,2.093,13.45,Debugging/Troubleshooting,Advanced,3,True,9.51,1,Strict_Ban,8,2.267,85.72,High
100601,STEM,Graduate,3.7,40,Debugging/Troubleshooting,Intermediate,2,True,3.79,9,Strict_Ban,10,3.756,55.5,High
100602,STEM,Senior,2.781,1.27,Debugging/Troubleshooting,Beginner,1,False,12.11,3,Strict_Ban,1,2.918,71.72,Low
100603,STEM,Graduate,2.768,2.13,Ideation,Beginner,1,False,8.13,4,Strict_Ban,3,2.795,62.96,Medium
100604,STEM,Freshman,3.193,3.81,Debugging/Troubleshooting,Beginner,2,False,9.18,1,Actively_Encouraged,1,3.109,50.36,Medium
100605,STEM,Sophomore,3.431,3.77,Debugging/Troubleshooting,Beginner,2,True,13.24,4,Allowed_With_Citation,3,3.489,71.15,Medium
100606,Humanities,Freshman,3.549,5.49,Debugging/Troubleshooting,Intermediate,1,True,8.38,5,Allowed_With_Citation,3,3.972,90.69,Medium
100607,STEM,Sophomore,3.69,28.42,Debugging/Troubleshooting,Intermediate,3,True,7.43,4,Allowed_With_Citation,1,3.706,50.9,High
100608,Humanities,Sophomore,3.207,0.52,Direct_Answer_Generation,Beginner,2,False,17.97,4,Allowed_With_Citation,3,3.217,80.93,Medium
100609,Business,Graduate,3.173,32.17,Copywriting/Drafting,Intermediate,3,True,10.35,8,Allowed_With_Citation,6,3.536,85.01,High
100610,Business,Junior,2.298,1.16,Debugging/Troubleshooting,Beginner,1,False,4.35,1,Actively_Encouraged,3,2.411,60.08,Low
100611,STEM,Senior,3.662,3.39,Debugging/Troubleshooting,Advanced,5,False,18.95,1,Actively_Encouraged,5,4,100,Low
100612,Arts,Sophomore,3.304,3.33,Copywriting/Drafting,Intermediate,3,False,3.48,3,Actively_Encouraged,7,3.333,77.56,Medium
100613,Business,Junior,3.095,6.13,Ideation,Intermediate,3,False,16.96,4,Allowed_With_Citation,2,3.261,74.29,Medium
100614,STEM,Senior,2.936,28.52,Summarizing_Reading,Intermediate,3,True,8.86,6,Allowed_With_Citation,3,2.951,64.83,High
100615,Medical,Sophomore,3.152,6.01,Summarizing_Reading,Advanced,5,True,20.22,2,Allowed_With_Citation,5,3.238,75.56,Medium
100616,Medical,Graduate,3.448,38,Copywriting/Drafting,Intermediate,1,False,9.97,6,Actively_Encouraged,2,3.643,86.53,High
100617,STEM,Freshman,3.114,37.28,Debugging/Troubleshooting,Advanced,3,False,7.62,8,Allowed_With_Citation,6,3.329,80.04,High
100618,STEM,Graduate,2.614,15.05,Copywriting/Drafting,Advanced,3,True,15.55,7,Allowed_With_Citation,3,2.977,73.05,High
100619,Arts,Freshman,3.69,2.04,Ideation,Intermediate,1,False,12.18,1,Actively_Encouraged,2,3.682,73.21,Low
100620,Business,Junior,2.824,0.69,Ideation,Beginner,1,False,7.85,1,Allowed_With_Citation,7,2.906,44.48,Low
100621,STEM,Graduate,2.88,9.33,Summarizing_Reading,Intermediate,4,False,12.03,2,Allowed_With_Citation,4,2.903,60.21,Medium
100622,STEM,Junior,3.268,0.83,Debugging/Troubleshooting,Advanced,3,False,25.92,2,Actively_Encouraged,3,3.888,100,Low
100623,Humanities,Junior,2.126,1.65,Copywriting/Drafting,Intermediate,3,False,6.99,2,Actively_Encouraged,4,2.448,87.21,Low
100624,Humanities,Senior,2.94,5.55,Direct_Answer_Generation,Intermediate,4,True,11.74,4,Actively_Encouraged,6,3.395,92.62,Medium
100625,Business,Sophomore,3.51,13.83,Summarizing_Reading,Beginner,2,True,6.63,6,Actively_Encouraged,4,3.811,71.73,Low
100626,Humanities,Freshman,3.447,6.82,Copywriting/Drafting,Advanced,4,False,3.8,4,Allowed_With_Citation,3,3.255,81.84,Low
100627,Humanities,Sophomore,2.866,23.14,Direct_Answer_Generation,Beginner,1,True,6.04,3,Actively_Encouraged,2,2.797,55.98,High
100628,Business,Freshman,3.54,8.1,Debugging/Troubleshooting,Intermediate,3,False,16.17,5,Strict_Ban,5,3.561,73.64,Low
100629,STEM,Graduate,2.717,0.7,Summarizing_Reading,Intermediate,5,False,21.5,1,Actively_Encouraged,4,2.83,79.71,Low
100630,STEM,Graduate,3.894,1.08,Debugging/Troubleshooting,Beginner,2,True,10.1,1,Allowed_With_Citation,6,4,57.64,Medium
100631,Business,Sophomore,3.419,7.6,Ideation,Intermediate,5,False,12.18,4,Allowed_With_Citation,3,3.674,75.6,Medium
100632,Medical,Senior,3.644,3.38,Summarizing_Reading,Advanced,5,False,15.5,2,Allowed_With_Citation,5,4,79.33,Low
100633,Business,Freshman,3.656,5.57,Ideation,Advanced,3,False,14.22,3,Allowed_With_Citation,3,3.8,69.21,High
100634,Business,Freshman,2.829,2.29,Debugging/Troubleshooting,Advanced,5,False,9.97,2,Strict_Ban,1,3.345,83.46,Medium
100635,STEM,Senior,3.096,7.49,Summarizing_Reading,Beginner,3,True,12.14,3,Strict_Ban,8,3.143,84.48,Low
100636,Humanities,Sophomore,3.61,16.58,Copywriting/Drafting,Intermediate,3,False,15.08,5,Actively_Encouraged,3,3.756,59.56,High
100637,Business,Freshman,3.748,12.22,Direct_Answer_Generation,Beginner,3,False,9.87,5,Actively_Encouraged,6,4,84.04,Low
100638,STEM,Senior,3.335,0.25,Copywriting/Drafting,Advanced,3,False,14.65,1,Allowed_With_Citation,2,3.532,96.7,Low
100639,STEM,Graduate,2.765,6.26,Direct_Answer_Generation,Beginner,3,True,16.32,1,Strict_Ban,1,3.184,64.37,High
100640,Humanities,Junior,2.912,4.04,Copywriting/Drafting,Beginner,2,False,12.81,3,Allowed_With_Citation,6,3.385,66.6,Medium
100641,STEM,Sophomore,3.33,12.91,Copywriting/Drafting,Beginner,1,False,11.67,7,Actively_Encouraged,4,3.61,70.82,High
100642,Humanities,Sophomore,3.271,9.87,Ideation,Intermediate,4,True,14.74,2,Actively_Encouraged,2,3.542,75.99,Medium
100643,STEM,Senior,2.859,0.8,Summarizing_Reading,Advanced,3,False,12.61,1,Actively_Encouraged,5,3.2,96.24,Medium
100644,Humanities,Senior,3.997,0.47,Ideation,Beginner,1,False,3.18,5,Actively_Encouraged,2,4,66.05,Low
100645,STEM,Graduate,3.027,4.57,Debugging/Troubleshooting,Beginner,1,False,22.6,2,Allowed_With_Citation,2,3.413,84.15,Low
100646,Medical,Graduate,2.535,9.6,Ideation,Intermediate,4,False,13.49,4,Strict_Ban,6,2.757,79.49,Medium
100647,Business,Graduate,3.381,1.91,Ideation,Beginner,1,False,15.03,3,Allowed_With_Citation,7,3.868,63.89,High
100648,Business,Senior,3.541,8.57,Ideation,Intermediate,4,False,17.23,7,Allowed_With_Citation,4,3.906,65.24,Medium
100649,Arts,Junior,3.408,1.07,Summarizing_Reading,Beginner,1,False,15.47,3,Allowed_With_Citation,2,3.644,89.72,Medium
100650,Humanities,Senior,2.994,2.23,Ideation,Beginner,3,False,20.32,1,Allowed_With_Citation,4,3.305,94.89,Low
100651,STEM,Senior,3.428,39,Direct_Answer_Generation,Beginner,1,False,13.44,10,Actively_Encouraged,7,2.902,39.14,High
100652,Business,Freshman,3.404,0.22,Ideation,Advanced,5,False,17.17,1,Strict_Ban,3,3.405,72.37,Low
100653,Business,Junior,2.546,6.38,Ideation,Advanced,5,True,15.18,2,Strict_Ban,1,2.844,74.16,High
100654,Business,Freshman,2.678,0.86,Ideation,Intermediate,4,False,9.58,1,Allowed_With_Citation,1,2.834,82.47,Low
100655,Humanities,Graduate,3.348,12.25,Debugging/Troubleshooting,Intermediate,1,False,12.62,5,Actively_Encouraged,3,3.715,82.7,High
100656,STEM,Sophomore,3.433,4.55,Ideation,Advanced,4,False,13.54,4,Actively_Encouraged,4,3.55,92.63,Medium
100657,STEM,Senior,3.169,40,Ideation,Beginner,1,False,10.78,10,Strict_Ban,10,3.42,78.48,High
100658,Humanities,Sophomore,3.395,24.6,Copywriting/Drafting,Intermediate,4,True,13.68,8,Strict_Ban,8,3.398,81.01,High
100659,Business,Senior,3.739,18.03,Summarizing_Reading,Beginner,1,False,12.76,3,Strict_Ban,8,4,60.71,Medium
100660,Business,Sophomore,3.741,4.71,Copywriting/Drafting,Advanced,5,False,15.16,3,Actively_Encouraged,4,3.786,89.63,Low
100661,Humanities,Senior,2.691,0.73,Ideation,Beginner,3,False,12.85,3,Strict_Ban,4,2.641,73.21,Medium
100662,Medical,Freshman,2.812,8.33,Summarizing_Reading,Advanced,3,False,13.39,2,Strict_Ban,3,3.212,69.5,Low
100663,Business,Junior,2.866,3.54,Ideation,Intermediate,2,False,13.25,4,Actively_Encouraged,1,2.841,51.95,Low
100664,STEM,Freshman,3.324,1.09,Debugging/Troubleshooting,Beginner,1,False,13.59,2,Allowed_With_Citation,1,3.544,96.99,Medium
100665,STEM,Junior,2.449,2.72,Debugging/Troubleshooting,Intermediate,4,False,12.41,2,Allowed_With_Citation,2,2.877,80.83,Low
100666,STEM,Senior,3.227,0.73,Debugging/Troubleshooting,Intermediate,3,True,2.22,3,Allowed_With_Citation,2,3.346,77.14,Medium
100667,STEM,Senior,3.322,12.81,Copywriting/Drafting,Advanced,5,True,5.15,5,Allowed_With_Citation,7,3.424,86.83,Medium
100668,STEM,Freshman,2.37,22.89,Debugging/Troubleshooting,Beginner,2,True,1,8,Actively_Encouraged,6,2.312,86,High
100669,STEM,Junior,2.655,2.46,Ideation,Intermediate,5,True,12.05,2,Allowed_With_Citation,5,3.118,73.11,Medium
100670,STEM,Graduate,3.978,14.75,Ideation,Intermediate,4,False,6.19,4,Strict_Ban,7,4,75.97,High
100671,STEM,Senior,3.464,10.53,Debugging/Troubleshooting,Intermediate,4,False,16.83,3,Actively_Encouraged,6,4,90.22,Medium
100672,Medical,Freshman,1.587,15.64,Ideation,Intermediate,2,False,14.94,4,Allowed_With_Citation,5,1.966,75.89,Low
100673,STEM,Sophomore,3.856,13.93,Debugging/Troubleshooting,Intermediate,3,False,2.52,4,Allowed_With_Citation,5,3.867,69.49,High
100674,Business,Junior,2.889,0.94,Debugging/Troubleshooting,Advanced,4,False,11.63,3,Allowed_With_Citation,5,3.477,89.26,Medium
100675,Humanities,Freshman,2.784,17.34,Copywriting/Drafting,Advanced,4,True,20.07,8,Allowed_With_Citation,9,2.868,90.37,Medium
100676,Medical,Senior,3.459,8.53,Summarizing_Reading,Beginner,3,False,4.98,3,Actively_Encouraged,4,3.614,86.11,Medium
100677,STEM,Junior,3.714,9.23,Direct_Answer_Generation,Beginner,2,False,9.9,2,Allowed_With_Citation,3,4,52.8,Medium
100678,Humanities,Freshman,3.782,6.79,Summarizing_Reading,Beginner,2,True,15.29,5,Actively_Encouraged,3,4,84.3,Medium
100679,Medical,Junior,3.753,0.2,Copywriting/Drafting,Beginner,3,False,8.32,4,Allowed_With_Citation,5,4,71.79,Low
100680,Arts,Senior,2.473,15.05,Copywriting/Drafting,Intermediate,3,True,16.72,4,Strict_Ban,4,2.656,85.07,High
100681,Arts,Sophomore,3.393,18.63,Summarizing_Reading,Advanced,4,True,12.12,3,Strict_Ban,6,3.884,75.57,Medium
100682,STEM,Sophomore,2.818,9.57,Ideation,Intermediate,5,False,14.79,6,Allowed_With_Citation,3,3.021,77.82,High
100683,STEM,Senior,3.543,0.42,Summarizing_Reading,Intermediate,1,False,21.69,1,Strict_Ban,3,4,88.81,Low
100684,Business,Freshman,2.121,2.73,Summarizing_Reading,Beginner,2,False,1,2,Actively_Encouraged,2,2.184,48.51,Low
100685,Medical,Senior,2.657,8.76,Debugging/Troubleshooting,Beginner,2,False,19.4,5,Strict_Ban,4,3.23,70.36,Medium
100686,Business,Graduate,3.529,8.4,Ideation,Advanced,4,False,19.42,3,Actively_Encouraged,3,4,100,Medium
100687,Business,Graduate,3.642,14.51,Debugging/Troubleshooting,Beginner,1,True,5.56,5,Allowed_With_Citation,6,3.717,63.67,Medium
100688,STEM,Junior,3.798,5.02,Debugging/Troubleshooting,Intermediate,4,False,14.92,3,Allowed_With_Citation,4,4,90.56,Low
100689,Arts,Junior,2.578,30.95,Summarizing_Reading,Intermediate,2,True,15.55,6,Strict_Ban,10,2.85,67.03,High
100690,STEM,Graduate,3.569,28.96,Debugging/Troubleshooting,Advanced,3,False,5.5,7,Allowed_With_Citation,9,4,89.54,High
100691,Humanities,Sophomore,2.061,2.81,Debugging/Troubleshooting,Beginner,3,True,4.64,5,Actively_Encouraged,4,2.115,81.61,High
100692,Humanities,Freshman,2.966,5.67,Copywriting/Drafting,Intermediate,2,False,2.33,1,Actively_Encouraged,1,2.695,100,Medium
100693,Business,Sophomore,3.322,3.06,Ideation,Intermediate,4,False,13.71,2,Strict_Ban,3,3.561,68.65,Medium
100694,STEM,Graduate,3.509,0.39,Ideation,Advanced,4,True,12.77,3,Allowed_With_Citation,2,3.712,80.01,High
100695,STEM,Junior,2.747,15.32,Debugging/Troubleshooting,Intermediate,3,False,9.43,3,Actively_Encouraged,2,3.087,69.86,Low
100696,Business,Junior,3.259,3.41,Direct_Answer_Generation,Intermediate,3,False,10.76,1,Actively_Encouraged,5,3.304,78.08,Low
100697,STEM,Senior,2.894,1.77,Ideation,Intermediate,3,True,6.48,1,Actively_Encouraged,6,2.893,84.36,Low
100698,Business,Junior,3.648,1.87,Summarizing_Reading,Beginner,1,True,12.87,3,Allowed_With_Citation,3,3.585,89.27,Low
100699,STEM,Freshman,3.207,9.46,Debugging/Troubleshooting,Intermediate,5,True,14.7,2,Strict_Ban,3,3.391,69.38,Low
100700,Humanities,Junior,2.785,1.32,Ideation,Intermediate,3,False,13.63,3,Allowed_With_Citation,6,2.938,78.21,Low
100701,Business,Senior,2.281,0.99,Ideation,Advanced,5,False,2.44,1,Allowed_With_Citation,2,2.256,78.08,Low
100702,STEM,Senior,3.945,40,Debugging/Troubleshooting,Beginner,2,True,11.05,7,Actively_Encouraged,7,4,67.75,High
100703,Humanities,Senior,3.412,0.52,Copywriting/Drafting,Beginner,3,False,8.11,1,Allowed_With_Citation,2,3.726,58.6,Low
100704,STEM,Junior,3.614,0.34,Debugging/Troubleshooting,Beginner,2,False,14.25,3,Actively_Encouraged,4,4,63.28,Low
100705,STEM,Graduate,3.352,12.68,Direct_Answer_Generation,Intermediate,2,True,1,3,Strict_Ban,4,3.064,67.56,High
100706,Medical,Junior,2.598,37.39,Direct_Answer_Generation,Beginner,3,False,17.19,7,Strict_Ban,6,2.219,37.21,High
100707,Humanities,Junior,3.215,6.75,Copywriting/Drafting,Intermediate,2,False,6.63,6,Actively_Encouraged,3,3.454,84.58,Medium
100708,Arts,Senior,3.311,16.65,Debugging/Troubleshooting,Intermediate,3,True,13.38,6,Actively_Encouraged,3,3.729,90.26,High
100709,STEM,Senior,3.744,4.68,Direct_Answer_Generation,Intermediate,3,True,7.3,4,Actively_Encouraged,4,4,90.47,High
100710,Business,Senior,2.449,11.43,Direct_Answer_Generation,Beginner,2,True,7.99,2,Actively_Encouraged,3,2.313,77.38,Medium
100711,Arts,Freshman,2.817,8.03,Direct_Answer_Generation,Beginner,2,False,13.33,3,Allowed_With_Citation,3,2.957,51.62,Medium
100712,Business,Sophomore,2.984,16.69,Direct_Answer_Generation,Intermediate,1,True,1,2,Allowed_With_Citation,3,2.674,66.5,Medium
100713,Humanities,Freshman,2.175,2.37,Copywriting/Drafting,Intermediate,3,True,17.29,3,Actively_Encouraged,6,2.318,66.94,Low
100714,Humanities,Sophomore,3.601,0.04,Copywriting/Drafting,Intermediate,3,False,17.97,2,Actively_Encouraged,3,3.994,85.11,Low
100715,Humanities,Junior,3.463,12.32,Copywriting/Drafting,Intermediate,4,False,7.06,4,Allowed_With_Citation,6,3.931,85.14,High
100716,Medical,Senior,3.065,3.77,Ideation,Advanced,5,True,6.4,1,Allowed_With_Citation,3,3.188,100,High
100717,Arts,Junior,2.942,1.14,Copywriting/Drafting,Beginner,3,True,19,1,Allowed_With_Citation,6,3.258,59.07,Medium
100718,Medical,Freshman,3.398,2.31,Direct_Answer_Generation,Beginner,3,True,20.46,2,Allowed_With_Citation,2,3.508,73.42,Medium
100719,STEM,Sophomore,2.949,2.35,Copywriting/Drafting,Advanced,4,True,14.16,1,Allowed_With_Citation,2,3.166,75.74,Low
100720,Business,Junior,3.211,0.76,Ideation,Advanced,4,True,13.04,2,Allowed_With_Citation,5,3.389,91.59,Low
100721,Medical,Senior,3.658,32.84,Summarizing_Reading,Intermediate,1,False,7.38,8,Actively_Encouraged,9,3.889,70.57,High
100722,STEM,Graduate,3.549,6.88,Summarizing_Reading,Intermediate,2,False,15.21,1,Allowed_With_Citation,3,3.881,71.52,High
100723,STEM,Graduate,3.796,0.81,Debugging/Troubleshooting,Beginner,1,False,10.98,4,Allowed_With_Citation,4,4,86.64,Medium
100724,Business,Graduate,3.032,1.12,Direct_Answer_Generation,Beginner,2,True,15.77,2,Allowed_With_Citation,5,3.304,70.56,Medium
100725,Business,Junior,2.985,34,Direct_Answer_Generation,Beginner,3,True,3.68,8,Allowed_With_Citation,9,2.072,17.22,High
100726,Arts,Senior,3.67,5.43,Summarizing_Reading,Beginner,2,False,10.66,5,Actively_Encouraged,5,3.998,71.53,Medium
100727,STEM,Sophomore,3.133,10.83,Debugging/Troubleshooting,Advanced,5,True,5.83,3,Actively_Encouraged,5,3.607,86,High
100728,Arts,Freshman,3.658,4.57,Copywriting/Drafting,Intermediate,2,True,11.45,4,Strict_Ban,7,3.877,72.32,Medium
100729,STEM,Freshman,3.353,4.09,Debugging/Troubleshooting,Intermediate,4,True,19.62,2,Allowed_With_Citation,5,3.86,77.68,Medium
100730,STEM,Sophomore,3.712,3.69,Debugging/Troubleshooting,Advanced,4,False,17.17,1,Actively_Encouraged,3,4,100,Low
100731,STEM,Freshman,3.702,7.08,Debugging/Troubleshooting,Advanced,3,False,9.94,5,Allowed_With_Citation,2,4,73.87,Low
100732,Arts,Graduate,2.16,2.95,Copywriting/Drafting,Advanced,4,False,17.09,2,Allowed_With_Citation,2,2.549,59.68,Medium
100733,Business,Junior,2.517,0.25,Direct_Answer_Generation,Advanced,3,False,20.21,3,Strict_Ban,4,2.722,74.18,Medium
100734,Business,Senior,3.034,10.58,Ideation,Intermediate,4,False,16.89,3,Actively_Encouraged,5,3.469,74.14,Medium
100735,Humanities,Graduate,3.24,2.7,Copywriting/Drafting,Intermediate,1,False,13.95,1,Allowed_With_Citation,7,3.44,85.02,Low
100736,Medical,Graduate,2.714,3.4,Summarizing_Reading,Intermediate,3,False,9.85,3,Strict_Ban,4,2.865,75.21,High
100737,Humanities,Graduate,3.225,15.06,Copywriting/Drafting,Beginner,2,False,11.41,6,Actively_Encouraged,5,3.667,68.85,Low
100738,Arts,Senior,3.058,0.54,Copywriting/Drafting,Intermediate,1,False,10.4,1,Allowed_With_Citation,5,3.34,89.6,High
100739,Humanities,Junior,3.621,17.72,Copywriting/Drafting,Beginner,1,True,7.76,6,Allowed_With_Citation,4,3.883,84.59,High
100740,Humanities,Junior,3.097,10.44,Summarizing_Reading,Beginner,2,False,15.14,6,Allowed_With_Citation,4,3.482,77.11,Medium
100741,Humanities,Senior,3.589,5.33,Copywriting/Drafting,Beginner,3,True,7.77,1,Allowed_With_Citation,5,3.854,71.69,Medium
100742,Humanities,Graduate,3.553,6.5,Copywriting/Drafting,Intermediate,5,False,18.17,5,Strict_Ban,4,3.765,75.42,High
100743,Business,Graduate,3.79,7.5,Ideation,Beginner,1,False,5.89,2,Allowed_With_Citation,5,4,71.48,Low
100744,Business,Senior,2.565,8.91,Summarizing_Reading,Beginner,3,False,11.09,3,Strict_Ban,2,2.51,76.43,Medium
100745,STEM,Junior,2.762,6.04,Debugging/Troubleshooting,Advanced,4,False,8.55,4,Actively_Encouraged,1,3.191,81.97,Medium
100746,Medical,Graduate,3.737,10.17,Ideation,Intermediate,3,True,21.02,3,Strict_Ban,5,3.946,70.41,High
100747,Humanities,Graduate,2.212,7.27,Debugging/Troubleshooting,Intermediate,3,False,9.89,4,Allowed_With_Citation,4,2.757,84.61,High
100748,Business,Junior,3.644,7.89,Direct_Answer_Generation,Intermediate,2,False,14.24,5,Allowed_With_Citation,6,3.919,88.89,Medium
100749,Medical,Senior,2.342,19.78,Copywriting/Drafting,Beginner,2,True,9.78,5,Allowed_With_Citation,5,2.667,69.19,Medium
100750,Business,Senior,3.249,4.79,Ideation,Intermediate,3,True,6.89,3,Allowed_With_Citation,9,3.383,67.92,Medium
100751,STEM,Junior,3.422,40,Copywriting/Drafting,Intermediate,2,True,9.58,7,Actively_Encouraged,4,3.584,52.49,High
100752,Medical,Senior,2.423,0.63,Direct_Answer_Generation,Beginner,2,True,16.63,4,Actively_Encouraged,4,2.742,67.74,High
100753,Business,Freshman,2.35,33.53,Ideation,Advanced,3,True,17.85,7,Allowed_With_Citation,10,2.435,55.37,High
100754,Humanities,Junior,3.6,0.64,Direct_Answer_Generation,Beginner,2,True,12.4,1,Actively_Encouraged,6,3.775,73.97,Medium
100755,STEM,Junior,2.658,2.39,Debugging/Troubleshooting,Beginner,3,False,9.61,1,Allowed_With_Citation,3,2.9,78.84,High
100756,Arts,Senior,3.044,1.81,Copywriting/Drafting,Beginner,3,False,12.23,3,Allowed_With_Citation,5,3.458,71.36,Medium
100757,Business,Freshman,3.49,12.19,Debugging/Troubleshooting,Beginner,2,True,6.1,4,Allowed_With_Citation,1,3.592,66.56,Low
100758,Business,Freshman,3.188,6.72,Ideation,Intermediate,3,False,4.3,2,Allowed_With_Citation,5,3.053,74.89,Low
100759,Medical,Graduate,3.135,0.72,Direct_Answer_Generation,Advanced,3,False,5.32,1,Allowed_With_Citation,3,3.248,71.59,High
100760,Arts,Sophomore,2.459,27.24,Copywriting/Drafting,Intermediate,1,True,17.01,8,Actively_Encouraged,7,2.497,70.66,High
100761,STEM,Sophomore,3.358,40,Summarizing_Reading,Advanced,4,False,5.93,9,Allowed_With_Citation,5,3.529,70.14,Medium
100762,Humanities,Senior,3.6,1.4,Direct_Answer_Generation,Advanced,4,True,20.65,3,Actively_Encouraged,2,4,88.39,Medium
100763,STEM,Sophomore,2.887,1.34,Copywriting/Drafting,Intermediate,2,True,13.1,4,Allowed_With_Citation,7,3.265,96.11,Medium
100764,Business,Senior,2.748,8.67,Ideation,Advanced,4,False,21.48,3,Allowed_With_Citation,3,3.012,100,High
100765,STEM,Sophomore,2.878,4.94,Summarizing_Reading,Intermediate,2,True,13.7,1,Allowed_With_Citation,3,2.926,56.63,Medium
100766,Business,Senior,3.095,3.87,Ideation,Beginner,2,False,1,5,Allowed_With_Citation,5,3.295,63.44,Low
100767,Arts,Junior,2.921,4.95,Copywriting/Drafting,Intermediate,2,True,13.39,3,Allowed_With_Citation,2,2.964,72.08,Medium
100768,Medical,Graduate,3.528,13.73,Summarizing_Reading,Intermediate,4,True,15.8,2,Allowed_With_Citation,1,3.891,84.64,High
100769,Humanities,Sophomore,3.353,5.48,Direct_Answer_Generation,Advanced,3,False,16.77,4,Actively_Encouraged,4,3.359,100,Low
100770,Arts,Sophomore,3.578,1.33,Copywriting/Drafting,Intermediate,5,False,16.46,3,Actively_Encouraged,5,3.921,100,Medium
100771,STEM,Graduate,3.603,0.09,Debugging/Troubleshooting,Beginner,1,False,3.79,3,Allowed_With_Citation,1,3.592,58.09,High
100772,Arts,Senior,3.105,7.4,Direct_Answer_Generation,Advanced,4,False,11.5,4,Strict_Ban,4,3.398,81.71,High
100773,STEM,Senior,1.818,2.36,Summarizing_Reading,Advanced,3,True,6.59,2,Strict_Ban,5,1.934,69.73,Medium
100774,Humanities,Sophomore,2.802,12.27,Copywriting/Drafting,Advanced,3,False,20.36,6,Allowed_With_Citation,2,3.485,68.78,Medium
100775,Arts,Junior,3.237,1.51,Copywriting/Drafting,Beginner,1,True,12.31,2,Actively_Encouraged,3,3.53,70.09,Low
100776,STEM,Sophomore,2.42,23.55,Copywriting/Drafting,Intermediate,1,True,7.3,5,Allowed_With_Citation,8,2.77,65.17,High
100777,STEM,Sophomore,2.795,17.94,Debugging/Troubleshooting,Beginner,2,False,11.6,5,Allowed_With_Citation,8,2.971,95.43,High
100778,Business,Junior,2.92,16.34,Direct_Answer_Generation,Beginner,2,True,2.59,4,Allowed_With_Citation,7,2.703,61.55,Low
100779,Business,Graduate,3.702,9.01,Summarizing_Reading,Beginner,2,False,15.23,3,Strict_Ban,7,3.984,68.01,Medium
100780,Business,Freshman,2.643,0.81,Ideation,Beginner,3,True,13.93,4,Strict_Ban,1,2.779,80.01,Medium
100781,Business,Sophomore,1.843,3.87,Ideation,Intermediate,4,False,7.15,5,Strict_Ban,7,1.861,77.91,Low
100782,Business,Sophomore,3.744,1.42,Direct_Answer_Generation,Beginner,1,True,8.03,2,Actively_Encouraged,5,3.88,76.1,Low
100783,STEM,Senior,2.586,3.75,Debugging/Troubleshooting,Advanced,3,False,4.25,1,Allowed_With_Citation,4,3.04,89.56,High
100784,Humanities,Junior,3.835,3.15,Ideation,Intermediate,2,False,11.44,1,Actively_Encouraged,2,4,92.68,Low
100785,STEM,Sophomore,3.723,1.11,Debugging/Troubleshooting,Intermediate,5,True,2.07,2,Strict_Ban,6,3.747,69,Low
100786,Medical,Senior,3.236,13.24,Summarizing_Reading,Advanced,5,False,8.86,5,Allowed_With_Citation,3,3.454,83.8,High
100787,Business,Sophomore,3.467,3.92,Summarizing_Reading,Beginner,3,False,10.41,2,Allowed_With_Citation,1,3.919,51.89,Medium
100788,Humanities,Sophomore,3.03,3.36,Direct_Answer_Generation,Beginner,2,False,20,6,Allowed_With_Citation,3,3.778,72.96,Low
100789,Humanities,Freshman,3.399,5.87,Ideation,Beginner,3,False,7.96,1,Allowed_With_Citation,7,3.39,72.9,Low
100790,Medical,Freshman,2.483,14.82,Summarizing_Reading,Advanced,4,True,13.15,3,Actively_Encouraged,1,2.629,73.71,High
100791,STEM,Freshman,3.557,3.7,Summarizing_Reading,Advanced,4,False,12.87,2,Strict_Ban,2,3.692,82.81,Medium
100792,Business,Sophomore,3.422,6.96,Ideation,Advanced,5,False,12.19,6,Allowed_With_Citation,8,3.731,81.31,Medium
100793,Business,Junior,2.967,10.74,Ideation,Advanced,5,False,9.6,2,Allowed_With_Citation,4,3.465,78.38,Medium
100794,Business,Freshman,2.218,10.93,Summarizing_Reading,Intermediate,2,True,5.51,5,Actively_Encouraged,1,2.31,81.55,Medium
100795,STEM,Freshman,2.812,22.63,Debugging/Troubleshooting,Advanced,5,True,5.67,7,Allowed_With_Citation,7,3.326,96.73,Medium
100796,Medical,Freshman,3.253,11.77,Direct_Answer_Generation,Advanced,3,True,7.54,7,Actively_Encouraged,7,3.271,43.83,Medium
100797,Medical,Sophomore,3.651,0.63,Debugging/Troubleshooting,Beginner,1,True,9.99,3,Actively_Encouraged,2,3.521,75.59,Medium
100798,Business,Freshman,2.366,4.57,Ideation,Advanced,5,False,10.73,1,Actively_Encouraged,2,2.534,60.92,Low
100799,Business,Freshman,3.355,1.53,Ideation,Advanced,3,False,15.78,5,Strict_Ban,6,3.372,100,Medium
100800,Medical,Graduate,3.599,2.4,Summarizing_Reading,Beginner,2,True,16.61,1,Allowed_With_Citation,4,3.672,69.98,Medium
100801,Business,Junior,3.578,3.58,Ideation,Intermediate,3,True,7.16,1,Actively_Encouraged,2,3.565,74.4,Low
100802,STEM,Senior,3.943,0.23,Copywriting/Drafting,Intermediate,1,False,10.98,2,Allowed_With_Citation,4,4,56.59,Low
100803,Business,Senior,3.778,2.5,Direct_Answer_Generation,Advanced,3,True,8.81,3,Actively_Encouraged,4,4,70.66,Medium
100804,Business,Senior,2.849,11.08,Direct_Answer_Generation,Intermediate,2,True,23.64,4,Actively_Encouraged,4,3.498,91.03,Medium
100805,Humanities,Senior,3.481,3.06,Copywriting/Drafting,Beginner,3,False,14.34,1,Actively_Encouraged,5,4,69.31,Low
100806,Business,Junior,3.72,23.9,Debugging/Troubleshooting,Beginner,3,False,15.97,8,Allowed_With_Citation,4,4,91.57,Medium
100807,Medical,Senior,3.227,1.3,Summarizing_Reading,Advanced,4,False,19.18,2,Allowed_With_Citation,1,3.603,87.83,High
100808,Medical,Graduate,3.294,1.17,Summarizing_Reading,Beginner,2,False,7.39,3,Allowed_With_Citation,6,3.344,74.28,Medium
100809,Humanities,Freshman,3.383,21.93,Ideation,Advanced,4,False,13.24,5,Allowed_With_Citation,5,3.489,77.53,Medium
100810,STEM,Sophomore,3.3,12.35,Debugging/Troubleshooting,Intermediate,2,True,10.16,6,Actively_Encouraged,5,3.317,81.34,High
100811,Medical,Freshman,3.381,1.9,Ideation,Intermediate,2,True,11.69,1,Strict_Ban,7,3.261,83.36,Low
100812,Arts,Senior,3.668,0.04,Copywriting/Drafting,Intermediate,3,True,17.61,3,Allowed_With_Citation,1,4,66.33,Medium
100813,STEM,Junior,2.34,14.14,Summarizing_Reading,Advanced,3,False,11.95,2,Actively_Encouraged,5,2.335,77.02,High
100814,Medical,Graduate,3.037,0.01,Ideation,Intermediate,3,False,14.71,1,Allowed_With_Citation,5,3.235,70.38,Medium
100815,Arts,Sophomore,3.924,4.77,Copywriting/Drafting,Advanced,3,True,11.61,3,Allowed_With_Citation,3,4,83.81,Low
100816,Business,Junior,3.295,8.51,Ideation,Advanced,3,False,3.05,4,Actively_Encouraged,4,3.423,77.64,Medium
100817,Business,Junior,3.197,12.72,Debugging/Troubleshooting,Intermediate,3,False,9.21,7,Actively_Encouraged,8,3.34,84.93,High
100818,Humanities,Junior,3.708,12.27,Ideation,Beginner,2,True,21.77,5,Actively_Encouraged,4,4,72.28,Low
100819,STEM,Senior,2.859,3.86,Debugging/Troubleshooting,Intermediate,2,False,7.93,4,Allowed_With_Citation,2,3.027,78.66,Medium
100820,Humanities,Sophomore,3.841,2.94,Summarizing_Reading,Intermediate,3,True,12.21,3,Allowed_With_Citation,5,4,65.62,Low
100821,Arts,Junior,2.98,3.9,Copywriting/Drafting,Beginner,2,True,14.35,1,Allowed_With_Citation,6,3.337,67.55,Low
100822,STEM,Freshman,3.69,13.58,Debugging/Troubleshooting,Intermediate,4,True,8.26,5,Strict_Ban,9,3.892,82.76,High
100823,Humanities,Junior,3.134,3.15,Summarizing_Reading,Advanced,5,False,9.87,1,Allowed_With_Citation,3,3.278,80.68,Medium
100824,Humanities,Junior,3.682,25.33,Direct_Answer_Generation,Advanced,3,False,6.57,4,Strict_Ban,9,3.386,52.87,High
100825,Business,Graduate,3.446,0.17,Direct_Answer_Generation,Beginner,1,False,23.98,1,Allowed_With_Citation,5,3.755,83.27,Low
100826,Medical,Graduate,3.175,16.79,Direct_Answer_Generation,Beginner,2,True,12.1,6,Actively_Encouraged,2,3.118,84.49,High
100827,Humanities,Junior,3.026,4.11,Copywriting/Drafting,Intermediate,3,True,7.35,4,Strict_Ban,5,2.983,63.27,Medium
100828,Humanities,Freshman,3.133,1.76,Copywriting/Drafting,Advanced,3,False,16.28,3,Allowed_With_Citation,9,3.108,69.69,Medium
100829,Business,Senior,3.627,2.68,Ideation,Beginner,1,False,12.51,1,Allowed_With_Citation,2,3.758,62.3,Low
100830,Humanities,Freshman,3.087,0.3,Copywriting/Drafting,Beginner,2,False,13.66,1,Allowed_With_Citation,1,3.254,58.86,Low
100831,STEM,Junior,2.247,0.92,Debugging/Troubleshooting,Beginner,2,False,19.12,2,Allowed_With_Citation,4,2.509,82.05,Low
100832,Humanities,Freshman,2.195,14.17,Copywriting/Drafting,Beginner,3,False,17.59,4,Allowed_With_Citation,7,2.358,61.99,Low
100833,STEM,Sophomore,2.394,2.72,Direct_Answer_Generation,Advanced,5,False,17.19,2,Allowed_With_Citation,2,2.67,96.1,Low
100834,STEM,Junior,3.349,8.57,Copywriting/Drafting,Advanced,3,True,13.42,5,Actively_Encouraged,7,3.863,89.11,High
100835,Humanities,Sophomore,3.638,6.67,Copywriting/Drafting,Intermediate,3,True,9.34,6,Strict_Ban,7,3.418,65.81,Medium
100836,Humanities,Graduate,2.302,10.4,Summarizing_Reading,Intermediate,4,False,6,6,Actively_Encouraged,5,2.547,59.14,High
100837,Medical,Senior,1.988,15.31,Summarizing_Reading,Intermediate,2,True,17.57,5,Strict_Ban,7,2.484,51.83,High
100838,Humanities,Senior,3.534,7.95,Ideation,Beginner,3,False,16.55,3,Strict_Ban,2,4,71.36,Low
100839,Business,Sophomore,3.414,1.01,Ideation,Intermediate,2,False,13.46,1,Allowed_With_Citation,2,3.668,86.52,Low
100840,Business,Freshman,3.466,5.58,Debugging/Troubleshooting,Intermediate,4,True,10.29,3,Actively_Encouraged,2,3.743,80.99,Low
100841,STEM,Senior,2.331,26.54,Direct_Answer_Generation,Advanced,3,True,6.12,6,Allowed_With_Citation,2,2.105,60.54,High
100842,Business,Senior,3.326,1.11,Ideation,Advanced,4,True,13.99,1,Allowed_With_Citation,5,3.915,73.28,High
100843,STEM,Junior,3.122,22.56,Debugging/Troubleshooting,Beginner,2,True,3.19,4,Actively_Encouraged,7,3.267,72.32,Medium
100844,Medical,Sophomore,3.845,5.98,Summarizing_Reading,Intermediate,2,False,7.18,2,Allowed_With_Citation,4,4,72.83,Low
100845,STEM,Junior,3.805,12.95,Debugging/Troubleshooting,Intermediate,5,True,11.52,7,Allowed_With_Citation,4,4,70.94,High
100846,Humanities,Senior,3.31,3.7,Summarizing_Reading,Advanced,3,False,9.5,3,Actively_Encouraged,1,3.621,88.25,Low
100847,STEM,Senior,3.77,5.62,Direct_Answer_Generation,Advanced,4,True,6.57,4,Allowed_With_Citation,3,4,75.24,Medium
100848,Medical,Senior,3.273,38,Copywriting/Drafting,Beginner,2,False,3.65,9,Allowed_With_Citation,6,3.472,79.6,High
100849,Business,Graduate,3.906,6.14,Summarizing_Reading,Advanced,5,False,10.68,4,Strict_Ban,8,4,61.06,Medium
100850,Business,Junior,3.73,3.16,Summarizing_Reading,Beginner,3,True,3.7,4,Allowed_With_Citation,6,3.548,71.12,Medium
100851,STEM,Freshman,3.125,11.17,Debugging/Troubleshooting,Advanced,3,False,2.71,3,Actively_Encouraged,4,3.365,83.56,Low
100852,Business,Junior,2.559,6.92,Debugging/Troubleshooting,Beginner,1,True,12.25,4,Actively_Encouraged,5,2.617,85.19,Low
100853,STEM,Junior,3.635,3.75,Debugging/Troubleshooting,Intermediate,3,False,9.01,4,Actively_Encouraged,3,3.298,69.74,High
100854,Medical,Freshman,1.667,6.69,Summarizing_Reading,Intermediate,3,True,15.31,1,Allowed_With_Citation,5,1.892,86.34,Medium
100855,STEM,Junior,2.922,5.35,Summarizing_Reading,Intermediate,3,False,6.37,4,Actively_Encouraged,1,3.268,62,Low
100856,STEM,Senior,3.005,7.91,Debugging/Troubleshooting,Beginner,2,True,5.33,4,Allowed_With_Citation,6,3.243,60.46,Low
100857,STEM,Senior,3.273,10.33,Debugging/Troubleshooting,Advanced,4,False,2.74,3,Actively_Encouraged,4,4,81.59,Low
100858,Humanities,Graduate,3.596,6.73,Copywriting/Drafting,Intermediate,3,False,16.5,2,Actively_Encouraged,1,3.879,75.49,Medium
100859,Business,Senior,2.067,4.87,Direct_Answer_Generation,Intermediate,3,False,15.82,4,Actively_Encouraged,4,2.73,74.69,Medium
100860,STEM,Freshman,3.134,1.54,Direct_Answer_Generation,Intermediate,2,False,3.2,2,Strict_Ban,4,3.118,74.15,Medium
100861,Arts,Junior,2.899,16.62,Copywriting/Drafting,Beginner,1,False,6.94,7,Actively_Encouraged,9,2.898,84.8,Medium
100862,Humanities,Junior,2.897,0.16,Copywriting/Drafting,Intermediate,4,False,15.04,1,Allowed_With_Citation,4,3.139,100,Low
100863,Business,Sophomore,3.411,2.28,Summarizing_Reading,Beginner,1,True,20.92,4,Allowed_With_Citation,4,3.909,74.45,Low
100864,Humanities,Freshman,2.745,3.82,Summarizing_Reading,Intermediate,3,True,12.59,1,Allowed_With_Citation,6,3.014,44.9,Medium
100865,Humanities,Freshman,3.384,0.88,Summarizing_Reading,Beginner,1,False,4.06,1,Actively_Encouraged,5,3.199,60.37,Medium
100866,Business,Freshman,3.501,14.11,Direct_Answer_Generation,Beginner,3,True,8.22,7,Strict_Ban,10,3.516,70.86,High
100867,STEM,Senior,3.74,8.03,Copywriting/Drafting,Advanced,3,True,4.45,3,Allowed_With_Citation,4,3.99,81.32,Low
100868,STEM,Freshman,3.762,9.03,Debugging/Troubleshooting,Beginner,1,False,12.42,6,Allowed_With_Citation,6,3.88,75.97,Medium
100869,Arts,Sophomore,2.987,28.14,Summarizing_Reading,Advanced,3,False,13.21,6,Allowed_With_Citation,5,3.214,42.32,Medium
100870,Medical,Freshman,3.328,0.23,Summarizing_Reading,Intermediate,4,False,12.06,2,Actively_Encouraged,3,3.392,80.07,Low
100871,Humanities,Senior,1.981,2.98,Copywriting/Drafting,Intermediate,3,False,14.75,2,Allowed_With_Citation,4,2.236,68.82,Medium
100872,STEM,Freshman,3.452,15.12,Debugging/Troubleshooting,Advanced,4,True,13.54,3,Actively_Encouraged,2,3.867,77.16,Medium
100873,Business,Freshman,3.438,5.43,Direct_Answer_Generation,Intermediate,3,False,5.94,3,Strict_Ban,2,3.485,63.23,Low
100874,Humanities,Sophomore,3.404,1.99,Ideation,Advanced,3,True,9.09,4,Actively_Encouraged,3,3.501,85.02,Low
100875,STEM,Sophomore,2.603,17.46,Debugging/Troubleshooting,Advanced,5,True,6.83,3,Allowed_With_Citation,1,2.984,95.03,Low
100876,STEM,Sophomore,3.7,14.68,Debugging/Troubleshooting,Advanced,3,False,15.06,2,Allowed_With_Citation,1,4,100,Low
100877,Business,Senior,3.257,35.79,Ideation,Advanced,4,True,8.9,9,Actively_Encouraged,10,3.448,69.88,High
100878,Business,Freshman,2.845,11.6,Ideation,Advanced,4,True,1,3,Actively_Encouraged,3,2.842,64.34,Medium
100879,STEM,Freshman,2.517,11.56,Copywriting/Drafting,Intermediate,3,True,13.28,6,Actively_Encouraged,3,2.495,78.22,High
100880,STEM,Sophomore,2.321,15.02,Ideation,Intermediate,5,False,11.74,4,Allowed_With_Citation,4,2.515,89.13,Medium
100881,STEM,Graduate,3.974,10.73,Debugging/Troubleshooting,Intermediate,1,False,5.57,3,Allowed_With_Citation,4,4,69.77,Low
100882,Business,Freshman,2.315,0.47,Ideation,Intermediate,4,True,1.86,3,Allowed_With_Citation,4,2.421,59.47,Medium
100883,STEM,Graduate,3.534,4.07,Ideation,Advanced,5,True,14.33,3,Actively_Encouraged,1,3.771,77.28,Low
100884,STEM,Senior,3.822,32.87,Copywriting/Drafting,Beginner,1,False,8,6,Allowed_With_Citation,6,4,75.54,High
100885,Arts,Junior,2.847,5.33,Copywriting/Drafting,Advanced,3,True,2.27,1,Strict_Ban,1,3.241,74.06,Low
100886,STEM,Senior,3.327,7.8,Copywriting/Drafting,Beginner,1,False,13.82,4,Actively_Encouraged,5,3.648,93.89,Medium
100887,Business,Junior,2.742,24.82,Ideation,Beginner,3,True,20.24,6,Actively_Encouraged,4,2.996,71.92,Medium
100888,STEM,Junior,3.333,40,Ideation,Intermediate,3,False,14.45,9,Actively_Encouraged,5,3.719,53.18,High
100889,STEM,Junior,3.722,15.75,Debugging/Troubleshooting,Beginner,2,True,5.01,2,Strict_Ban,8,3.994,88.98,Medium
100890,STEM,Senior,2.249,21.24,Debugging/Troubleshooting,Intermediate,2,True,5.7,8,Strict_Ban,6,2.244,85.45,High
100891,Business,Freshman,3.325,15.1,Summarizing_Reading,Intermediate,5,True,13.16,6,Actively_Encouraged,6,3.65,80.14,High
100892,Arts,Junior,2.781,9.8,Direct_Answer_Generation,Advanced,3,False,10.62,3,Allowed_With_Citation,2,3.11,80.23,Medium
100893,Arts,Senior,3.362,4.79,Copywriting/Drafting,Beginner,1,True,8.89,1,Actively_Encouraged,4,3.423,62.37,Medium
100894,Humanities,Sophomore,3.739,1.49,Copywriting/Drafting,Advanced,4,False,13.05,1,Allowed_With_Citation,2,4,86.32,Low
100895,Business,Graduate,3.767,33.27,Ideation,Advanced,5,True,11.84,9,Actively_Encouraged,6,4,85.24,High
100896,STEM,Freshman,2.792,15.15,Ideation,Beginner,2,True,11.64,3,Actively_Encouraged,3,2.804,53.84,Medium
100897,STEM,Graduate,2.742,10.51,Copywriting/Drafting,Beginner,2,True,1.73,7,Allowed_With_Citation,6,2.817,63.55,Medium
100898,Medical,Senior,3.19,4.15,Direct_Answer_Generation,Advanced,3,False,12.13,4,Allowed_With_Citation,2,3.531,67.33,Medium
100899,STEM,Senior,3.53,9.4,Summarizing_Reading,Beginner,1,True,10.53,1,Allowed_With_Citation,1,3.984,76.13,Medium
100900,STEM,Graduate,3.578,7.56,Debugging/Troubleshooting,Intermediate,3,True,8.79,5,Allowed_With_Citation,1,3.794,87.31,High
100901,STEM,Senior,3.262,2.65,Summarizing_Reading,Intermediate,4,False,15.33,4,Strict_Ban,6,3.703,84.48,Low
100902,STEM,Sophomore,3.687,11.53,Direct_Answer_Generation,Intermediate,2,True,14.49,4,Allowed_With_Citation,1,4,85.19,High
100903,STEM,Senior,3.424,6.53,Summarizing_Reading,Advanced,4,False,5.81,4,Actively_Encouraged,3,3.612,78.77,Medium
100904,Business,Freshman,2.926,0.29,Summarizing_Reading,Beginner,1,False,14.08,1,Allowed_With_Citation,6,3.104,61.85,Low
100905,Humanities,Junior,3.451,0.15,Direct_Answer_Generation,Intermediate,2,False,9.88,5,Strict_Ban,5,3.692,72.87,Low
100906,Medical,Graduate,3.08,1.48,Ideation,Advanced,5,False,14.8,3,Allowed_With_Citation,5,3.088,69.61,Medium
100907,Arts,Sophomore,2.726,36,Summarizing_Reading,Intermediate,1,False,14,7,Allowed_With_Citation,7,2.787,61.82,High
100908,Humanities,Freshman,2.506,0.9,Direct_Answer_Generation,Beginner,2,False,7.29,2,Actively_Encouraged,4,2.528,64.3,Low
100909,STEM,Junior,2.805,10.68,Ideation,Intermediate,5,False,18.34,4,Actively_Encouraged,9,3.124,91.43,Medium
100910,Humanities,Sophomore,2.806,7.73,Copywriting/Drafting,Intermediate,1,False,15.29,3,Allowed_With_Citation,5,3.099,95.48,Medium
100911,Business,Sophomore,2.785,21.03,Direct_Answer_Generation,Beginner,1,True,3.98,5,Allowed_With_Citation,1,2.499,43.02,High
100912,STEM,Junior,2.822,7,Copywriting/Drafting,Beginner,3,True,7.76,3,Allowed_With_Citation,2,2.988,67.75,Medium
100913,Business,Junior,3.454,8.96,Direct_Answer_Generation,Beginner,1,True,16.48,2,Actively_Encouraged,5,3.925,86.63,Medium
100914,Humanities,Junior,3.326,5.26,Copywriting/Drafting,Beginner,2,False,7.39,2,Allowed_With_Citation,2,3.579,69.44,Medium
100915,Business,Junior,3.803,1.02,Copywriting/Drafting,Beginner,2,False,9.04,3,Allowed_With_Citation,7,3.936,70.3,Low
100916,Humanities,Graduate,2.625,0.92,Copywriting/Drafting,Intermediate,3,False,7.29,2,Allowed_With_Citation,5,2.803,95.73,Low
100917,STEM,Graduate,3.545,2.88,Ideation,Advanced,3,True,23.61,2,Allowed_With_Citation,1,3.803,88.64,Medium
100918,Medical,Senior,3.152,14.27,Debugging/Troubleshooting,Beginner,3,False,3.12,6,Actively_Encouraged,5,3.36,52.27,High
100919,Arts,Freshman,3.353,9.68,Debugging/Troubleshooting,Advanced,4,False,2.73,3,Actively_Encouraged,4,3.598,100,Medium
100920,STEM,Sophomore,3.154,4.01,Debugging/Troubleshooting,Advanced,3,False,7.28,1,Actively_Encouraged,5,3.546,83.51,High
100921,Arts,Graduate,3.921,4.44,Copywriting/Drafting,Intermediate,5,False,17.67,4,Strict_Ban,2,4,79.59,Medium
100922,Humanities,Junior,3.13,5.02,Copywriting/Drafting,Intermediate,3,True,9.06,3,Allowed_With_Citation,1,3.235,58.38,Low
100923,Medical,Graduate,3.299,11.46,Summarizing_Reading,Beginner,2,True,2.36,4,Allowed_With_Citation,3,3.448,77.58,High
100924,Arts,Junior,3.618,5.7,Copywriting/Drafting,Intermediate,2,False,1,3,Actively_Encouraged,3,3.804,84.53,Medium
100925,Humanities,Graduate,3.173,1.36,Debugging/Troubleshooting,Beginner,2,False,6.01,1,Strict_Ban,1,3.509,79.9,High
100926,STEM,Freshman,3.081,1.58,Debugging/Troubleshooting,Beginner,3,False,9.99,3,Actively_Encouraged,2,3.467,84.3,High
100927,STEM,Junior,2.3,19.65,Debugging/Troubleshooting,Advanced,3,True,8.75,7,Actively_Encouraged,7,2.848,97.25,High
100928,Business,Senior,2.814,1.31,Debugging/Troubleshooting,Beginner,2,True,8.98,4,Actively_Encouraged,3,3.182,68.15,High
100929,Business,Graduate,3.136,2.73,Direct_Answer_Generation,Advanced,4,False,7.78,2,Strict_Ban,2,3.598,91.5,Medium
100930,STEM,Junior,2.943,0.37,Ideation,Advanced,3,False,19.6,5,Actively_Encouraged,3,3.335,76.18,Medium
100931,STEM,Freshman,3.693,7.39,Summarizing_Reading,Intermediate,3,False,10.49,1,Allowed_With_Citation,4,3.788,62.55,Low
100932,Arts,Graduate,2.548,17.65,Copywriting/Drafting,Advanced,5,True,4.57,4,Allowed_With_Citation,4,2.898,75.84,High
100933,Medical,Junior,3.214,3.11,Summarizing_Reading,Intermediate,2,False,14.21,4,Allowed_With_Citation,2,3.367,82.67,Medium
100934,Business,Freshman,2.152,2.95,Summarizing_Reading,Beginner,3,False,19.66,1,Actively_Encouraged,3,2.433,87.85,Low
100935,STEM,Junior,3.167,12.65,Debugging/Troubleshooting,Beginner,1,False,7.52,3,Allowed_With_Citation,4,3.091,62.28,Low
100936,STEM,Senior,2.506,21.01,Debugging/Troubleshooting,Intermediate,3,True,12.23,7,Strict_Ban,4,2.744,87.38,High
100937,STEM,Junior,2.702,8.87,Ideation,Beginner,1,False,7.81,4,Actively_Encouraged,4,2.766,52.17,Medium
100938,Medical,Graduate,2.855,0.64,Summarizing_Reading,Advanced,5,False,22.86,4,Strict_Ban,2,3.348,90.18,Low
100939,STEM,Junior,3.394,35.17,Debugging/Troubleshooting,Advanced,3,True,11.05,8,Allowed_With_Citation,4,3.954,92.91,High
100940,Business,Junior,2.609,19.84,Copywriting/Drafting,Beginner,1,False,6.71,3,Allowed_With_Citation,3,3.05,58.99,High
100941,STEM,Freshman,2.516,1.69,Debugging/Troubleshooting,Intermediate,3,False,10.56,3,Allowed_With_Citation,3,2.517,77.06,Low
100942,Business,Junior,3.506,1.21,Ideation,Beginner,3,False,14.55,2,Allowed_With_Citation,1,3.875,81.83,Low
100943,Business,Sophomore,2.803,15.71,Copywriting/Drafting,Beginner,3,True,10.19,4,Strict_Ban,9,2.839,59.04,Medium
100944,Arts,Sophomore,3.492,23.66,Copywriting/Drafting,Beginner,3,True,14.26,7,Allowed_With_Citation,2,3.531,55.53,High
100945,STEM,Sophomore,3.15,19.95,Debugging/Troubleshooting,Advanced,3,True,19.59,6,Allowed_With_Citation,4,3.551,88.02,High
100946,STEM,Freshman,3.13,3.52,Ideation,Beginner,1,False,2.08,4,Allowed_With_Citation,2,3.115,66.93,Medium
100947,STEM,Freshman,2.447,4.91,Ideation,Advanced,3,False,12.84,1,Allowed_With_Citation,6,2.556,80.39,Medium
100948,Medical,Junior,3.237,0.08,Ideation,Advanced,3,True,8.83,1,Strict_Ban,3,3.308,71.25,Low
100949,Medical,Freshman,3.047,10.79,Direct_Answer_Generation,Beginner,2,True,17.49,5,Allowed_With_Citation,7,3.284,62.7,Low
100950,Business,Freshman,3.643,8.99,Ideation,Beginner,3,False,14.28,3,Allowed_With_Citation,4,3.813,69.6,Medium
100951,Business,Graduate,2.852,1.33,Ideation,Beginner,2,False,18.6,4,Allowed_With_Citation,4,3.269,75.58,Low
100952,Business,Junior,3.013,3.29,Ideation,Intermediate,2,False,7.97,4,Actively_Encouraged,3,3.268,74.91,Low
100953,STEM,Sophomore,2.582,20.33,Debugging/Troubleshooting,Beginner,1,True,11.24,7,Allowed_With_Citation,5,2.821,86.19,High
100954,Medical,Sophomore,3.846,2.47,Summarizing_Reading,Intermediate,5,False,15.09,1,Allowed_With_Citation,4,4,78.75,Low
100955,Humanities,Junior,3.379,12.63,Debugging/Troubleshooting,Intermediate,1,False,4.69,4,Strict_Ban,7,3.574,51.87,High
100956,Humanities,Junior,3.412,2.66,Copywriting/Drafting,Beginner,1,False,11.5,4,Actively_Encouraged,5,3.536,86.07,Medium
100957,Business,Sophomore,3.824,3.89,Ideation,Intermediate,2,True,13.33,5,Actively_Encouraged,6,4,63.39,Low
100958,STEM,Sophomore,3.088,1.67,Debugging/Troubleshooting,Intermediate,2,False,15.54,2,Strict_Ban,2,3.166,66.34,Low
100959,STEM,Senior,3.591,3.02,Debugging/Troubleshooting,Advanced,3,True,14.44,1,Allowed_With_Citation,1,3.754,85.7,Low
100960,Business,Graduate,2.593,0.22,Ideation,Beginner,3,False,15.47,1,Actively_Encouraged,5,2.972,87.77,Medium
100961,STEM,Graduate,2.37,5.82,Debugging/Troubleshooting,Advanced,5,True,9.68,2,Actively_Encouraged,6,2.741,100,High
100962,Business,Freshman,3.672,1.97,Ideation,Intermediate,4,False,14.55,4,Allowed_With_Citation,10,3.682,99.04,Medium
100963,STEM,Senior,3.346,11.44,Direct_Answer_Generation,Intermediate,5,True,8.62,3,Allowed_With_Citation,2,3.601,63.61,High
100964,Humanities,Freshman,2.431,15.4,Summarizing_Reading,Intermediate,4,True,2.96,5,Allowed_With_Citation,1,2.634,62.1,High
100965,STEM,Junior,3.366,6.13,Ideation,Advanced,3,False,9.32,6,Strict_Ban,5,3.427,71.49,Medium
100966,Humanities,Junior,3.43,34,Copywriting/Drafting,Advanced,3,False,12.61,6,Actively_Encouraged,3,3.775,83.19,Medium
100967,Business,Junior,3.75,33.76,Ideation,Beginner,1,True,7.85,7,Allowed_With_Citation,6,4,65.66,High
100968,STEM,Junior,3.9,26.66,Debugging/Troubleshooting,Intermediate,2,False,9.82,9,Actively_Encouraged,5,4,64.55,High
100969,Business,Senior,3.778,2.22,Copywriting/Drafting,Beginner,3,False,10.53,2,Allowed_With_Citation,1,4,65.82,Medium
100970,Humanities,Senior,2.884,4.66,Copywriting/Drafting,Intermediate,3,False,11.16,5,Strict_Ban,5,3.409,81.91,Medium
100971,Business,Freshman,3.278,1.96,Ideation,Beginner,2,True,13.76,1,Allowed_With_Citation,2,3.455,77.77,Medium
100972,Medical,Senior,3.115,2.14,Direct_Answer_Generation,Beginner,2,True,7.8,1,Allowed_With_Citation,1,3.422,94.09,Low
100973,Business,Senior,3.176,9.56,Summarizing_Reading,Beginner,3,False,20.39,5,Allowed_With_Citation,1,3.621,75.84,High
100974,STEM,Freshman,2.259,8.23,Debugging/Troubleshooting,Advanced,4,True,22.23,4,Actively_Encouraged,4,2.735,95.16,Medium
100975,STEM,Sophomore,3.302,4.47,Debugging/Troubleshooting,Beginner,2,False,13.72,5,Allowed_With_Citation,2,3.561,59.12,Medium
100976,STEM,Senior,3.541,0.22,Ideation,Advanced,3,True,14.02,1,Allowed_With_Citation,3,3.907,71.71,Medium
100977,Business,Junior,3.642,11.79,Debugging/Troubleshooting,Beginner,3,False,17.78,5,Allowed_With_Citation,8,3.713,78.9,High
100978,STEM,Senior,2.684,12.48,Copywriting/Drafting,Intermediate,2,False,12.25,3,Allowed_With_Citation,3,2.824,100,High
100979,Humanities,Junior,3.316,7.67,Copywriting/Drafting,Intermediate,3,False,12.86,4,Allowed_With_Citation,4,3.38,97.2,Medium
100980,Business,Graduate,3.353,0.58,Debugging/Troubleshooting,Beginner,2,True,7.24,3,Actively_Encouraged,7,3.62,72.14,High
100981,Humanities,Graduate,2.358,2.79,Ideation,Intermediate,2,False,20.96,5,Strict_Ban,6,2.707,70.18,Low
100982,Arts,Sophomore,3.504,5.02,Direct_Answer_Generation,Beginner,3,True,10.85,5,Allowed_With_Citation,5,3.573,63.65,Low
100983,STEM,Sophomore,3.587,11.14,Debugging/Troubleshooting,Advanced,3,True,10.98,4,Allowed_With_Citation,2,4,84.89,Low
100984,STEM,Junior,3.003,23.84,Debugging/Troubleshooting,Advanced,3,False,14.61,6,Allowed_With_Citation,7,3.43,100,High
100985,Business,Freshman,3.107,1.09,Ideation,Beginner,1,False,10.12,4,Allowed_With_Citation,3,3.214,61.15,Medium
100986,Humanities,Sophomore,2.866,5.55,Direct_Answer_Generation,Beginner,1,False,9.09,5,Actively_Encouraged,5,3.097,54.7,High
100987,Business,Senior,2.729,12.56,Ideation,Intermediate,3,True,8.58,3,Allowed_With_Citation,6,2.934,65.41,Medium
100988,Humanities,Senior,3.565,4.85,Copywriting/Drafting,Beginner,1,True,12.38,3,Strict_Ban,5,4,85.78,Low
100989,STEM,Graduate,3.016,0.98,Debugging/Troubleshooting,Advanced,3,False,13.63,3,Allowed_With_Citation,6,3.547,98.77,Low
100990,Arts,Freshman,3.815,3.35,Debugging/Troubleshooting,Intermediate,1,True,12.52,2,Allowed_With_Citation,7,3.915,85.57,Low
100991,Arts,Senior,3.355,12.14,Copywriting/Drafting,Beginner,1,False,6.84,4,Strict_Ban,6,3.551,72.72,High
100992,Business,Junior,2.607,0.74,Ideation,Beginner,1,True,7.23,3,Actively_Encouraged,4,2.547,73.51,Medium
100993,STEM,Freshman,3.727,31.19,Debugging/Troubleshooting,Advanced,4,True,14.45,6,Strict_Ban,10,4,66.91,High
100994,Business,Junior,3.725,5.07,Copywriting/Drafting,Intermediate,2,False,11.25,3,Actively_Encouraged,7,4,86.04,Medium
100995,Humanities,Senior,3.846,3.19,Copywriting/Drafting,Beginner,2,True,5.34,4,Allowed_With_Citation,7,4,71.83,Medium
100996,STEM,Junior,2.959,16.38,Summarizing_Reading,Advanced,4,False,13.13,3,Allowed_With_Citation,5,3.135,62.41,Medium
100997,Medical,Graduate,2.847,7.42,Summarizing_Reading,Intermediate,4,True,8.04,1,Strict_Ban,3,2.902,81.92,Medium
100998,STEM,Junior,3.044,0.89,Debugging/Troubleshooting,Advanced,5,False,1.06,2,Strict_Ban,4,3.191,75.53,High
100999,Medical,Junior,2.81,15.54,Summarizing_Reading,Advanced,3,True,5.23,7,Actively_Encouraged,6,3.098,85.57,High
101000,Humanities,Sophomore,3.39,4.02,Ideation,Beginner,3,True,10.66,3,Allowed_With_Citation,7,3.346,74.46,Medium
